Facility,Driver ID,Driver Name,Call ID,Service Date,Date Completed,Comments,Overall Sat,Driver Sat,RT Sat,KMI Sat,Type,Clear,Canceled,Added
C187-Great America Towing LLC,917424,917424,6907124,2026-03-31,2026-04-04,My car died and I just needed him to check if the battery was dead but instead he towed me.  Once AAA ran diagnostics and found the battery was dead. All it needed was a battery and I was charged $741.00. Not happy about it at all.,Dissatisfied,Dissatisfied,Satisfied,Satisfied,Tow,P1,N,2026-09-27
C187-Great America Towing LLC,991340,Jesse Cavazos,6910832,2026-03-31,2026-04-03,N/A,Totally satisfied,Totally satisfied,Totally satisfied,Totally satisfied,Light,P1,N,2026-09-27
C187-Great America Towing LLC,901377,901377,6911833,2026-03-31,2026-04-03,"Timely and professional, thank you!",Satisfied,Satisfied,Satisfied,Satisfied,Light,P1,N,2026-09-27
C187-Great America Towing LLC,918922,918922,6911837,2026-03-31,2026-04-03,N/A,Totally satisfied,Totally satisfied,Totally satisfied,Totally satisfied,Tow,P1,N,2026-09-27
C187-Great America Towing LLC,921410,921410,6914845,2026-03-31,2026-04-03,The driver was professional and I appreciate that he takes pride in his job.,Totally satisfied,Totally satisfied,Totally satisfied,Totally satisfied,Tow,P1,N,2026-09-27
C187-Great America Towing LLC,912967,Mark  Duncan,6917173,2026-04-01,2026-04-03,Thank you so much,Totally satisfied,Totally satisfied,Totally satisfied,Totally satisfied,Tow,P1,N,2026-09-27
C187-Great America Towing LLC,991238,Angel Jimenez-Mendoza,6918190,2026-04-01,2026-04-03,Had a dead battery. I called it in and within minutes they were there. Great job!,Totally satisfied,Totally satisfied,Totally satisfied,Totally satisfied,Light,P1,N,2026-09-27
C187-Great America Towing LLC,901377,901377,6920163,2026-04-01,2026-04-03,N/A,Totally satisfied,N/A,N/A,N/A,Light,P1,N,2026-09-27
C187-Great America Towing LLC,N/A,N/A,6923538,2026-04-01,2026-04-03,Roadside mechanic was awesome.  Very friendly demeanor and an absolute pleasure to work with,Totally satisfied,N/A,N/A,N/A,Tow,XX,Y,2026-09-27
C187-Great America Towing LLC,904848,Pio Artadi,6923834,2026-04-01,2026-04-04,N/A,Totally satisfied,Totally satisfied,Totally satisfied,Totally satisfied,Tow,P1,N,2026-09-27
C187-Great America Towing LLC,916115,916115,6923920,2026-04-01,2026-04-03,"The AAA operator (Cory?) was timely, nice and professional which is appreciated!",Totally satisfied,Totally satisfied,Totally satisfied,Totally satisfied,Light,P1,N,2026-09-27
C187-Great America Towing LLC,920907,920907,6924668,2026-04-01,2026-04-06,"I’m impressed with the fast response of the team, and the effectiveness providing the road side service.  Michael, who helped replace the battery, is extremely friendly and knowledgeable.  As a customer, I feel comfortable and totally satisfied.",Totally satisfied,Totally satisfied,Totally satisfied,Totally satisfied,Light,B1,N,2026-09-27
C187-Great America Towing LLC,916115,916115,6927276,2026-04-02,2026-04-06,"Best experience, AAA rep was very friendly and helpful.",Totally satisfied,Totally satisfied,Totally satisfied,Totally satisfied,Light,P1,N,2026-09-27
C187-Great America Towing LLC,916511,916511,6928563,2026-04-02,2026-04-05,"Estimated time to assistance was initially 90 mins, which was reasonable. The driver arrived in 20 mins. Quite a surprise, but AAA kept me updated as it happened. Had to change some plans due to the early response, but that was preferable to being late",Totally satisfied,Totally satisfied,Totally satisfied,Totally satisfied,Tow,P1,N,2026-09-27
C187-Great America Towing LLC,AAA,AAA,6928803,2026-04-02,2026-04-04,"Very good, and very fast.",Satisfied,N/A,N/A,N/A,Tow,XX,Y,2026-09-27
C187-Great America Towing LLC,916115,916115,6930522,2026-04-02,2026-04-04,N/A,Totally satisfied,Totally satisfied,Totally satisfied,Totally satisfied,Light,P1,N,2026-09-27
C187-Great America Towing LLC,916115,916115,6930623,2026-04-02,2026-04-04,Sam is great,Totally satisfied,Totally satisfied,Totally satisfied,Totally satisfied,Light,P1,N,2026-09-27
C187-Great America Towing LLC,991340,Jesse Cavazos,6938746,2026-04-03,2026-04-05,N/A,Totally satisfied,Totally satisfied,Totally satisfied,Totally satisfied,Light,B6,N,2026-09-27
C187-Great America Towing LLC,916511,916511,6940208,2026-04-03,2026-04-05,"It was always nice to be able to speak with a representative initially, but the driver called me and it was a great experience..",Totally satisfied,Totally satisfied,Totally satisfied,Satisfied,Tow,P1,N,2026-09-27
C187-Great America Towing LLC,916032,916032,6940953,2026-04-03,2026-04-08,"Antonio provided excellent customer service. He arrived quickly. He efficiently towed the car and made sure I was safe. Never want to be in that situation, but good to know that there are people like Antonio there to help when needed. Thank you, Antonio!",Totally satisfied,Totally satisfied,Totally satisfied,Totally satisfied,Tow,P1,N,2026-09-27
C187-Great America Towing LLC,920907,920907,6946915,2026-04-04,2026-04-08,N/A,Totally satisfied,Totally satisfied,Totally satisfied,Totally satisfied,Light,P1,N,2026-09-27
C187-Great America Towing LLC,AAA,AAA,6948061,2026-04-04,2026-04-05,"AAA staff who assisted me by the name of Manny wa so great. He was prompt, courteous, and provided me with the needed assistance in a proper and timely manner.",Totally satisfied,N/A,N/A,N/A,Tow,XX,Y,2026-09-27
C187-Great America Towing LLC,912967,Mark  Duncan,6949394,2026-04-04,2026-04-09,"Speed of transaction is very impressive, professionalism of driver is commendable and customer service is top notch, would definitely recommend AAA to family and friends.",Totally satisfied,Totally satisfied,Totally satisfied,Totally satisfied,Tow,P1,N,2026-09-27
C187-Great America Towing LLC,921262,921262,6952887,2026-04-04,2026-04-08,N/A,Totally satisfied,Totally satisfied,Totally satisfied,Totally satisfied,Light,P1,N,2026-09-27
C187-Great America Towing LLC,921262,921262,6964309,2026-04-06,2026-04-11,Quick response,Totally satisfied,Totally satisfied,Totally satisfied,Totally satisfied,Light,P1,N,2026-09-27
C187-Great America Towing LLC,904916,Manual Alvarado,6964922,2026-04-06,2026-04-11,Hope they can work faster service.,Totally satisfied,Satisfied,Totally satisfied,Totally satisfied,Tow,P1,N,2026-09-27
C187-Great America Towing LLC,991238,Angel Jimenez-Mendoza,6982739,2026-04-08,2026-04-13,N/A,Totally satisfied,Totally satisfied,Satisfied,Totally satisfied,Light,B1,N,2026-09-27
C187-Great America Towing LLC,903978,903978,6985214,2026-04-08,2026-04-10,Driver got to me quickly and was very profesional,Totally satisfied,Totally satisfied,Totally satisfied,Totally satisfied,Tow,P1,N,2026-09-27
C187-Great America Towing LLC,920907,920907,6992068,2026-04-09,2026-04-10,N/A,Totally satisfied,Totally satisfied,Totally satisfied,Totally satisfied,Light,P1,N,2026-09-27
C187-Great America Towing LLC,920907,920907,6992562,2026-04-09,2026-04-10,N/A,Totally satisfied,Totally satisfied,Totally satisfied,Totally satisfied,Light,P2,N,2026-09-27
C187-Great America Towing LLC,916115,916115,6996743,2026-04-09,2026-04-11,N/A,Totally satisfied,Totally satisfied,Totally satisfied,Totally satisfied,Light,B1,N,2026-09-27
C187-Great America Towing LLC,912967,Mark  Duncan,7001778,2026-04-10,2026-04-15,N/A,Totally satisfied,Totally satisfied,Totally satisfied,Totally satisfied,Tow,P1,N,2026-09-27
C187-Great America Towing LLC,921410,921410,7006339,2026-04-10,2026-04-15,No complaints and the driver knew his work.,Totally satisfied,Totally satisfied,Totally satisfied,Totally satisfied,Tow,P1,N,2026-09-27
C187-Great America Towing LLC,912967,Mark  Duncan,7013305,2026-04-11,2026-04-13,Mark Duncan was really helpful and went above and beyond to make sure I got on the road safely.,Totally satisfied,Totally satisfied,Totally satisfied,Totally satisfied,Tow,P1,N,2026-09-27
C187-Great America Towing LLC,904916,Manual Alvarado,7014693,2026-04-11,2026-04-13,N/A,Satisfied,Satisfied,Satisfied,Satisfied,Tow,P1,N,2026-09-27
C187-Great America Towing LLC,920907,920907,7018377,2026-04-12,2026-04-13,Call should have been canceled! I didn’t get helped! Call from 4/11 gave me issues that yu guys are now saying I have to go to a different mechanic for issues you people caused!!! I hate AAA now,Totally dissatisfied,Totally dissatisfied,Totally dissatisfied,Totally dissatisfied,Light,P1,N,2026-09-27
C187-Great America Towing LLC,916115,916115,7021643,2026-04-12,2026-04-14,The driver helps me so good,Totally satisfied,Totally satisfied,Totally satisfied,Totally satisfied,Light,P1,N,2026-09-27
C187-Great America Towing LLC,903978,903978,7023515,2026-04-12,2026-04-14,"Driver Steve was awesome. Friendly, fast service, explained everything perfectly. Made the difference.",Totally satisfied,Totally satisfied,Totally satisfied,Totally satisfied,Tow,P1,N,2026-09-27
C187-Great America Towing LLC,917424,917424,7026997,2026-04-13,2026-04-15,"Kyle the technician assigned was friendly, efficient and got our car dropped off quickly.",Totally satisfied,Totally satisfied,Satisfied,Totally satisfied,Tow,P1,N,2026-09-27
C187-Great America Towing LLC,921262,921262,7029849,2026-04-13,2026-04-18,Driver Denis is Above Outstanding! Denis is an excellent example of customer service.,Totally satisfied,Totally satisfied,Totally satisfied,Totally satisfied,Light,P1,N,2026-09-27
C187-Great America Towing LLC,921262,921262,7032181,2026-04-13,2026-04-15,Excellent service,Totally satisfied,Totally satisfied,Totally satisfied,Totally satisfied,Light,P1,N,2026-09-27
C187-Great America Towing LLC,904916,Manual Alvarado,7032972,2026-04-13,2026-04-19,Very helpful!,Totally satisfied,Totally satisfied,Satisfied,Totally satisfied,Tow,P1,N,2026-09-27
C187-Great America Towing LLC,904916,Manual Alvarado,7034366,2026-04-13,2026-04-15,N/A,Satisfied,Satisfied,Neither satisfied nor dissatisfied,Neither satisfied nor dissatisfied,Tow,P3,N,2026-09-27
C187-Great America Towing LLC,991238,Angel Jimenez-Mendoza,7035775,2026-04-13,2026-04-15,Very quick response time. Very courteous driver.,Totally satisfied,Totally satisfied,Totally satisfied,Totally satisfied,Light,B1,N,2026-09-27
C187-Great America Towing LLC,917384,917384,7037000,2026-04-13,2026-04-18,N/A,Totally satisfied,Totally satisfied,Totally satisfied,Totally satisfied,Tow,P1,N,2026-09-27
C187-Great America Towing LLC,N/A,N/A,7037298,2026-04-13,2026-04-15,"On 4/13 I used the app and waited for 3 hrs.  No tow truck.  Specialist finally called.  Instead of waiting further family took me home.  I called again on 4/14 and waited about an hour before tow service responded.  This is in Milpitas,CA.  Heavy urbanization.  Service should be available.  I cannot rely upon AAA roadside service.",Dissatisfied,N/A,N/A,N/A,Tow,XX,Y,2026-09-27
C187-Great America Towing LLC,N/A,N/A,7037369,2026-04-14,2026-04-15,"Waited almost 2 hours and couldn’t get anyone to tow. I did receive a call but I couldn’t understand why there’s only one towing company that they work with in San Jose.  I used State Farm and they had someone come and help tow my car within 15 minutes. Stated Farm was able to tow and bring it back to my house within 30 minutes. They called multiple towing company. One thing I realized, AAA tow truck drivers are always in a mad mood. State Farm brought in someone who was willing to help and was very happy that they’re helping out.",Dissatisfied,N/A,N/A,N/A,Tow,XX,Y,2026-09-27
C187-Great America Towing LLC,916115,916115,7038234,2026-04-14,2026-04-15,Assistance was provided with care & professionalism.,Totally satisfied,Totally satisfied,Totally satisfied,Totally satisfied,Light,B1,N,2026-09-27
C187-Great America Towing LLC,904916,Manual Alvarado,7040339,2026-04-14,2026-04-16,Happy with membership benefits,Totally satisfied,Totally satisfied,Totally satisfied,Totally satisfied,Tow,P1,N,2026-09-27
C187-Great America Towing LLC,901377,901377,7040386,2026-04-14,2026-04-16,N/A,Totally satisfied,Totally satisfied,Totally satisfied,Totally satisfied,Light,B1,N,2026-09-27
C187-Great America Towing LLC,916032,916032,7043501,2026-04-14,2026-04-16,The driver is very helpful and. Professional  Very nice,Totally satisfied,Totally satisfied,Totally satisfied,Totally satisfied,Tow,P1,N,2026-09-27
C187-Great America Towing LLC,921262,921262,7044271,2026-04-14,2026-04-16,N/A,Totally satisfied,Totally satisfied,Totally satisfied,Totally satisfied,Light,P1,N,2026-09-27
C187-Great America Towing LLC,916032,916032,7045461,2026-04-14,2026-04-19,I told them I nee,Totally dissatisfied,Totally dissatisfied,Neither satisfied nor dissatisfied,Dissatisfied,Tow,P2,N,2026-09-27
C187-Great America Towing LLC,991238,Angel Jimenez-Mendoza,7046569,2026-04-14,2026-04-16,"Angel was awesome…amazing customer service!  Cannot give a higher rating….knowledgeable, patient, informative and incredibly efficient….Angel is the man!!",Totally satisfied,Totally satisfied,Totally satisfied,Totally satisfied,Light,B1,N,2026-09-27
C187-Great America Towing LLC,918922,918922,7047369,2026-04-15,2026-04-16,"Overall, it is a good experience.",Totally satisfied,Totally satisfied,Totally satisfied,Satisfied,Tow,P1,N,2026-09-27
C187-Great America Towing LLC,916115,916115,7047456,2026-04-15,2026-04-16,Driver very caring and thorough!,Totally satisfied,Totally satisfied,Totally satisfied,Totally satisfied,Light,P1,N,2026-09-27
C187-Great America Towing LLC,916511,916511,7050884,2026-04-15,2026-04-17,The Towing man name Carlos was excellent service.  He were very nice & funny! I’m very happy with this service!! Thanks,Totally satisfied,Totally satisfied,Totally satisfied,Totally satisfied,Tow,P1,N,2026-09-27
C187-Great America Towing LLC,AAA,AAA,7050913,2026-04-15,2026-04-17,Tow truck never showed up I had to pay a private tow,Totally dissatisfied,N/A,N/A,N/A,Tow,XX,Y,2026-09-27
C187-Great America Towing LLC,901377,901377,7055533,2026-04-15,2026-04-17,N/A,Totally satisfied,Totally satisfied,Totally satisfied,Totally satisfied,Light,P1,N,2026-09-27
C187-Great America Towing LLC,912967,Mark  Duncan,7057993,2026-04-16,2026-04-17,"My experience was AAA level. The driver was polite, professional and efficient. I will recommend AAA road side service to everyone.",Totally satisfied,Totally satisfied,Totally satisfied,Totally satisfied,Light,P1,N,2026-09-27
C187-Great America Towing LLC,916032,916032,7060743,2026-04-16,2026-04-18,N/A,Totally satisfied,Totally satisfied,Totally satisfied,Totally satisfied,Tow,P1,N,2026-09-27
C187-Great America Towing LLC,916115,916115,7061398,2026-04-16,2026-04-21,N/A,Totally satisfied,Totally satisfied,Totally satisfied,Totally satisfied,Light,P1,N,2026-09-27
C187-Great America Towing LLC,991340,Jesse Cavazos,7062490,2026-04-16,2026-04-21,"Professional, friendly, courteous, helpful  Care about customer",Totally satisfied,Totally satisfied,Totally satisfied,Totally satisfied,Light,P1,N,2026-09-27
C187-Great America Towing LLC,916115,916115,7064245,2026-04-16,2026-04-18,N/A,Totally satisfied,Totally satisfied,Totally satisfied,Totally satisfied,Light,P1,N,2026-09-27
C187-Great America Towing LLC,923580,923580,7065132,2026-04-16,2026-04-19,"Response time was good. However, the AAA service person distorted my driver side door although he retrieved my locked key after multiple efforts. The door was squeezed too much. Leaking air noise during my highway driving was clearly audible after this AAA service, which is a damage out of the normal expectation. I reserve the right for damage compensation.",Dissatisfied,Dissatisfied,Satisfied,Satisfied,Light,P1,N,2026-09-27
C187-Great America Towing LLC,920907,920907,7066379,2026-04-16,2026-04-18,N/A,Totally satisfied,Totally satisfied,Totally satisfied,Satisfied,Light,P1,N,2026-09-27
C187-Great America Towing LLC,AAA,AAA,7066761,2026-04-17,2026-04-18,N/A,Satisfied,N/A,N/A,N/A,Light,XX,Y,2026-09-27
C187-Great America Towing LLC,916511,916511,7069338,2026-04-17,2026-04-22,"The best part of experience was the driver. The mechanic was super chill, professional got the job done proficiently. That man needs a raise.",Totally satisfied,Totally satisfied,Totally satisfied,Totally satisfied,Tow,P1,N,2026-09-27
C187-Great America Towing LLC,916032,916032,7070244,2026-04-17,2026-04-19,N/A,Totally satisfied,Totally satisfied,Totally satisfied,Totally satisfied,Tow,P1,N,2026-09-27
C187-Great America Towing LLC,901377,901377,7071804,2026-04-17,2026-04-22,Needed a jump start because my battery was not working properly… got a new battery from the auto parts store…,Totally satisfied,Totally satisfied,Totally satisfied,Satisfied,Light,P1,N,2026-09-27
C187-Great America Towing LLC,920907,920907,7075188,2026-04-17,2026-04-19,N/A,Totally satisfied,Totally satisfied,Totally satisfied,Totally satisfied,Light,P1,N,2026-09-27
C187-Great America Towing LLC,920907,920907,7077446,2026-04-18,2026-04-19,"The driver was wonderful, very knowledgeable, and very kind.",Totally satisfied,Totally satisfied,Neither satisfied nor dissatisfied,Satisfied,Light,P1,N,2026-09-27
C187-Great America Towing LLC,918922,918922,7085764,2026-04-19,2026-04-20,The service was quick and technician was well experienced,Totally satisfied,Totally satisfied,Totally satisfied,Totally satisfied,Light,P1,N,2026-09-27
C187-Great America Towing LLC,904916,Manual Alvarado,7086940,2026-04-19,2026-04-20,N/A,Totally satisfied,N/A,Totally satisfied,Totally satisfied,Light,P1,N,2026-09-27
C187-Great America Towing LLC,912967,Mark  Duncan,7089138,2026-04-19,2026-04-21,The drive was extremely nice and courteous,Totally satisfied,Totally satisfied,Totally satisfied,Totally satisfied,Tow,P1,N,2026-09-27
C187-Great America Towing LLC,918922,918922,7092672,2026-04-20,2026-04-22,N/A,Totally satisfied,Satisfied,Totally satisfied,Totally satisfied,Tow,P1,N,2026-09-27
C187-Great America Towing LLC,921262,921262,7094544,2026-04-20,2026-04-22,N/A,Totally satisfied,Totally satisfied,Totally satisfied,Neither satisfied nor dissatisfied,Light,P1,N,2026-09-27
C187-Great America Towing LLC,AAA,AAA,7099492,2026-04-20,2026-04-27,My sprinter was damaged when the tow truck pulled my RV out of the parking lot  I think the technician knows what he was doing.  Please send an adjuster to inspect the damage of my RV.,Totally dissatisfied,Totally dissatisfied,Dissatisfied,Dissatisfied,Tow,P1,N,2026-09-27
C187-Great America Towing LLC,904155,Ernest Teschera,7104736,2026-04-21,2026-04-28,"It was really late.  Due to the rain, I wasn't able to see well, thus my flat tire.  Truck came from Mt. View. to San Jose.  These trucks are better equipped than 35yrs ago when I drove tow.",Satisfied,Satisfied,Neither satisfied nor dissatisfied,Neither satisfied nor dissatisfied,Light,P1,N,2026-09-27
C187-Great America Towing LLC,AAA,AAA,7105132,2026-04-21,2026-04-23,It was on time and driver was very friendly and professional. .,Totally satisfied,N/A,N/A,N/A,Tow,XX,Y,2026-09-27
C187-Great America Towing LLC,901377,901377,7106590,2026-04-21,2026-04-25,N/A,Totally satisfied,N/A,N/A,N/A,Light,P1,N,2026-09-27
C187-Great America Towing LLC,903978,903978,7112828,2026-04-22,2026-04-22,I was worried I was going to get another driver that didn’t seem to want to be there. But my Driver was awesome.. Was very friendly and reassuring on a very upsetting day.,Totally satisfied,Totally satisfied,Totally satisfied,Totally satisfied,Tow,P1,N,2026-09-27
C187-Great America Towing LLC,916115,916115,7113047,2026-04-22,2026-04-29,N/A,Totally satisfied,Totally satisfied,Totally satisfied,Totally satisfied,Light,P1,N,2026-09-27
C187-Great America Towing LLC,912967,Mark  Duncan,7113238,2026-04-22,2026-04-23,Excelente servicio y personal de trabajo,Totally satisfied,Totally satisfied,Totally satisfied,Totally satisfied,Tow,P1,N,2026-09-27
C187-Great America Towing LLC,991340,Jesse Cavazos,7118801,2026-04-22,2026-04-24,Very helpful 👍,Totally satisfied,Totally satisfied,Totally satisfied,Totally satisfied,Light,P1,N,2026-09-27
C187-Great America Towing LLC,901377,901377,7119650,2026-04-22,2026-04-24,N/A,Totally satisfied,Totally satisfied,Totally satisfied,Totally satisfied,Light,P1,N,2026-09-27
C187-Great America Towing LLC,923580,923580,7121347,2026-04-22,2026-04-24,N/A,Totally satisfied,N/A,Totally satisfied,N/A,Light,P1,N,2026-09-27
C187-Great America Towing LLC,917424,917424,7122602,2026-04-23,2026-04-24,"Very professional, courteous and extremely knowledgeable.",Totally satisfied,Totally satisfied,Totally satisfied,Totally satisfied,Light,P2,N,2026-09-27
C187-Great America Towing LLC,920907,920907,7123653,2026-04-23,2026-04-24,Very fast and efficient  Very helpful,Totally satisfied,Totally satisfied,Totally satisfied,Totally satisfied,Light,P2,N,2026-09-27
C187-Great America Towing LLC,903978,903978,7125441,2026-04-23,2026-04-28,I've had several drivers and all were A+ service men.. NO COMPLAINTS ALL COMPLIMENTS...,Totally satisfied,Totally satisfied,Totally satisfied,Totally satisfied,Tow,P1,N,2026-09-27
C187-Great America Towing LLC,901377,901377,7126981,2026-04-23,2026-04-25,N/A,Totally satisfied,Totally satisfied,Totally satisfied,Totally satisfied,Light,P1,N,2026-09-27
C187-Great America Towing LLC,901377,901377,7128470,2026-04-23,2026-04-25,Helped fix my car thx,Totally satisfied,Totally satisfied,Totally satisfied,Totally satisfied,Light,B1,N,2026-09-27
C187-Great America Towing LLC,923580,923580,7129091,2026-04-23,2026-04-28,Kevin was awesome and very friendly.,Satisfied,Totally satisfied,Satisfied,Satisfied,Tow,P1,N,2026-09-27
C187-Great America Towing LLC,991238,Angel Jimenez-Mendoza,7133030,2026-04-24,2026-04-27,N/A,Totally satisfied,Totally satisfied,Totally satisfied,Totally satisfied,Light,P1,N,2026-09-27
C187-Great America Towing LLC,915914,915914,7134276,2026-04-24,2026-04-28,N/A,Dissatisfied,N/A,Dissatisfied,Dissatisfied,Light,P2,N,2026-09-27
C187-Great America Towing LLC,918208,918208,7139880,2026-04-24,2026-04-29,"Quick, and very friendly",Totally satisfied,Totally satisfied,Totally satisfied,Totally satisfied,Tow,P1,N,2026-09-27
C187-Great America Towing LLC,AAA,AAA,7139947,2026-04-24,2026-05-01,N/A,Totally satisfied,Totally satisfied,Totally satisfied,Totally satisfied,Tow,P1,N,2026-09-27
C187-Great America Towing LLC,912967,Mark  Duncan,7143523,2026-04-25,2026-04-26,N/A,Totally satisfied,Totally satisfied,Totally satisfied,Totally satisfied,Tow,P1,N,2026-09-27
C187-Great America Towing LLC,912967,Mark  Duncan,7146188,2026-04-25,2026-04-27,"You assigned me a driver and when hes 3 blocks away, you reassigned and i had to wait another hour.  And there way absolutely no communication.  I had to fucking call",Dissatisfied,Neither satisfied nor dissatisfied,Totally dissatisfied,Totally dissatisfied,Tow,P1,N,2026-09-27
C187-Great America Towing LLC,923580,923580,7150194,2026-04-26,2026-04-27,"The driver did do a good job. He got the door open, but he broke the side door handle. That’s why I am not totally satisfied.",Dissatisfied,Neither satisfied nor dissatisfied,Totally satisfied,Neither satisfied nor dissatisfied,Light,P1,N,2026-09-27
C187-Great America Towing LLC,916115,916115,7153834,2026-04-26,2026-04-28,N/A,Totally satisfied,Totally satisfied,Totally satisfied,Totally satisfied,Light,B6,N,2026-09-27
C187-Great America Towing LLC,991238,Angel Jimenez-Mendoza,7156018,2026-04-26,2026-04-28,Great service,Totally satisfied,Totally satisfied,Totally satisfied,Totally satisfied,Light,B1,N,2026-09-27
C187-Great America Towing LLC,921262,921262,7161940,2026-04-27,2026-04-29,The tech was awesome.  He explained everything and then he replaced the battery and tested it. Thank you,Totally satisfied,Totally satisfied,Totally satisfied,Totally satisfied,Light,B6,N,2026-09-27
C187-Great America Towing LLC,903978,903978,7163436,2026-04-27,2026-05-02,N/A,Totally satisfied,Totally satisfied,Totally satisfied,Totally satisfied,Tow,P1,N,2026-09-27
C187-Great America Towing LLC,921262,921262,7172572,2026-04-28,2026-05-03,Jessie was awesome,Totally satisfied,Totally satisfied,Totally satisfied,Totally satisfied,Light,P1,N,2026-09-27
C187-Great America Towing LLC,991340,Jesse Cavazos,7180197,2026-04-29,2026-05-04,N/A,Totally satisfied,N/A,N/A,N/A,Light,P2,Y,2026-09-27
C187-Great America Towing LLC,917424,917424,7187055,2026-04-30,2026-05-01,"Made me wait 2-3 hours after I got into accident for a tow. Drive was fine, but the wait was absurd.",Dissatisfied,Totally satisfied,Totally dissatisfied,Neither satisfied nor dissatisfied,Tow,P1,N,2026-09-27
C187-Great America Towing LLC,AAA,AAA,7187079,2026-04-30,2026-05-05,It took 3 hours to get a tow truck to me. This was not expected.  The tow driver was nice enough but also gave too much information about unrelated topics like replacing all my tires and where the envelops were to drop off the keys at the dealer. He didn’t believe me that there were no envelopes and walked over with me to confirm for himself. I found that slightly annoying.,Neither satisfied nor dissatisfied,Neither satisfied nor dissatisfied,Totally dissatisfied,Satisfied,Tow,P1,N,2026-09-27
C187-Great America Towing LLC,920907,920907,7187747,2026-04-30,2026-05-01,N/A,Totally satisfied,Totally satisfied,Totally satisfied,Totally satisfied,Light,P1,N,2026-09-27
C187-Great America Towing LLC,AAA,AAA,7190070,2026-04-30,2026-05-02,Massive problem: NO SERVICE PROVIDED: I specified my car is a Toyota Camry 2025 hybrid with the key fob locked in the trunk.  When Aaa arrived he said if he opens the door like breaking in the electronics won't work so the trunk latch will not unlock.  And we can't lower the seats from the inside of the car.  SO I DID NOT HAVE A SERVICE THURSDAY,Totally dissatisfied,N/A,N/A,N/A,Light,XX,Y,2026-09-27
C187-Great America Towing LLC,921555,921555,7193321,2026-04-30,2026-05-05,N/A,Satisfied,Neither satisfied nor dissatisfied,Satisfied,Satisfied,Light,P1,N,2026-09-27
C187-Great America Towing LLC,916115,916115,7195259,2026-04-30,2026-05-03,N/A,Totally satisfied,Totally satisfied,Totally satisfied,Totally satisfied,Light,P1,N,2026-09-27
C187-Great America Towing LLC,991238,Angel Jimenez-Mendoza,7196963,2026-05-01,2026-05-02,So good,Satisfied,N/A,N/A,N/A,Tow,P2,Y,2026-09-27
C187-Great America Towing LLC,912967,Mark  Duncan,7197813,2026-05-01,2026-05-02,Responsive service with nice Driver.,Totally satisfied,Totally satisfied,Satisfied,Totally satisfied,Tow,P1,N,2026-09-27
C187-Great America Towing LLC,921106,921106,7198298,2026-05-01,2026-05-02,The only problem was that the driver had the incorrect address for my location. One number was wrong. It took him only 10 minutes after that was discovered to get to me.,Totally satisfied,Totally satisfied,Totally satisfied,Totally satisfied,Light,P1,N,2026-09-27
C187-Great America Towing LLC,921106,921106,7198383,2026-05-01,2026-05-03,"I have been a personal member of AAA since 1964, through 3 marriages and widowhoods.  This is the longest I have had to wait in an urban area. The automated service had difficulty responding to a non standard request: i.e. flat tire. The young serviceman said he could not remove the donut from my trunk. I am 82. He also said he could not check the air in the donut until I became upset at which time he used the air service. I thanked him for that. I realize 11:45-12:00 on a Thursday night is late but that is why I carry AAA Insurance and have done so for so many years. It was nearly 3:15 before my car was reloaded and back on the road, on 45 min. from my 6 hour trip destination in Pleasanton.",Neither satisfied nor dissatisfied,Satisfied,Totally dissatisfied,Dissatisfied,Light,P1,N,2026-09-27
C187-Great America Towing LLC,916511,916511,7201419,2026-05-01,2026-05-03,N/A,Totally satisfied,Totally satisfied,Totally satisfied,Totally satisfied,Light,P1,N,2026-09-27
C187-Great America Towing LLC,991238,Angel Jimenez-Mendoza,7206322,2026-05-02,2026-05-06,N/A,Satisfied,Satisfied,Satisfied,Satisfied,Light,P1,N,2026-09-27
C187-Great America Towing LLC,918208,918208,7206702,2026-05-02,2026-05-03,N/A,Totally satisfied,Totally satisfied,Totally satisfied,Totally satisfied,Tow,P1,N,2026-09-27
C187-Great America Towing LLC,AAA,AAA,7206883,2026-05-02,2026-05-03,Angel really helped me. He is the best!,Totally satisfied,N/A,N/A,N/A,Light,XX,Y,2026-09-27
C187-Great America Towing LLC,916511,916511,7209516,2026-05-02,2026-05-07,N/A,Satisfied,Satisfied,Satisfied,Satisfied,Tow,P1,N,2026-09-27
C187-Great America Towing LLC,921555,921555,7209765,2026-05-02,2026-05-06,N/A,Totally satisfied,Totally satisfied,Totally satisfied,Totally satisfied,Light,P1,N,2026-09-27
C187-Great America Towing LLC,904916,Manual Alvarado,7210810,2026-05-02,2026-05-07,N/A,Satisfied,Totally satisfied,Satisfied,Satisfied,Tow,P1,N,2026-09-27
C187-Great America Towing LLC,918922,918922,7212358,2026-05-02,2026-05-07,N/A,Totally satisfied,N/A,Totally satisfied,N/A,Tow,P1,N,2026-09-27
C187-Great America Towing LLC,991238,Angel Jimenez-Mendoza,7213275,2026-05-02,2026-05-04,Great service,Totally satisfied,Totally satisfied,Satisfied,Totally satisfied,Light,P1,N,2026-09-27
C187-Great America Towing LLC,912967,Mark  Duncan,7218531,2026-05-03,2026-05-07,Great driver and communication,Totally satisfied,Totally satisfied,Totally satisfied,Totally satisfied,Tow,P1,N,2026-09-27
C187-Great America Towing LLC,918208,918208,7219298,2026-05-03,2026-05-05,Matthew was wonderful!  Very careful with my driveway.,Totally satisfied,Totally satisfied,Totally satisfied,Totally satisfied,Tow,P1,N,2026-09-27
C187-Great America Towing LLC,903978,903978,7220777,2026-05-03,2026-05-05,The app had an issue where when requesting road side assistance it claimed I had the wrong plan. But a quick call solved the issue. Every person I interacted with was very helpful,Totally satisfied,Totally satisfied,Totally satisfied,Totally satisfied,Tow,P1,N,2026-09-27
C187-Great America Towing LLC,921106,921106,7223564,2026-05-04,2026-05-05,"The guy was very helpful and explained to me everything . My car doesn’t even have the right tool or there’s a missing tool to change tire but he tried to find a way to do it . I forgot his name but he’s awesome .  Compared to my call the night prior when I first discovered my flat tire . Even if I told the person the night to replace my tire , he said he’ll just put air so I could drive my car home or take to tire shop (it was late at night ).   But I’m happy with the May 4 service .",Totally satisfied,Totally satisfied,Totally satisfied,Totally satisfied,Light,P1,N,2026-09-27
C187-Great America Towing LLC,918922,918922,7227299,2026-05-04,2026-05-09,The driver was extremely helpful and polite and understood everything needed to be done.,Totally satisfied,Totally satisfied,Totally satisfied,Totally satisfied,Tow,P1,N,2026-09-27
C187-Great America Towing LLC,916115,916115,7232020,2026-05-04,2026-05-10,N/A,Satisfied,Satisfied,Satisfied,Satisfied,Light,P1,N,2026-09-27
C187-Great America Towing LLC,991238,Angel Jimenez-Mendoza,7233099,2026-05-05,2026-05-09,My car ran out of battery multiple times a day but AAA still come and do the service without any extra charge. that is very nice of AAA,Totally satisfied,Totally satisfied,Totally satisfied,Totally satisfied,Light,P1,N,2026-09-27
C187-Great America Towing LLC,918208,918208,7233394,2026-05-05,2026-05-06,N/A,Totally satisfied,Totally satisfied,Totally satisfied,Totally satisfied,Tow,P1,N,2026-09-27
C187-Great America Towing LLC,991238,Angel Jimenez-Mendoza,7234061,2026-05-05,2026-05-06,N/A,Totally satisfied,N/A,Totally satisfied,Totally satisfied,Light,P1,N,2026-09-27
C187-Great America Towing LLC,918922,918922,7238112,2026-05-05,2026-05-07,The tow driver was friendly and patient while setting up the gear. Very courteous.,Totally satisfied,Totally satisfied,Totally satisfied,Totally satisfied,Tow,P1,N,2026-09-27
C187-Great America Towing LLC,DLY,DLY,7241660,2026-05-05,2026-05-07,N/A,Totally dissatisfied,N/A,N/A,N/A,Tow,P2,Y,2026-09-27
C187-Great America Towing LLC,921555,921555,7245075,2026-05-06,2026-05-10,Super fast and the driver went above and beyond,Totally satisfied,Totally satisfied,Totally satisfied,Totally satisfied,Light,P1,N,2026-09-27
C187-Great America Towing LLC,AAA,AAA,7245748,2026-05-06,2026-05-10,Roadside assistance never came!,Totally dissatisfied,N/A,N/A,N/A,Light,XX,Y,2026-09-27
C187-Great America Towing LLC,920907,920907,7249719,2026-05-06,2026-05-07,N/A,Totally satisfied,Totally satisfied,Totally satisfied,Totally satisfied,Light,P1,N,2026-09-27
C187-Great America Towing LLC,921410,921410,7254482,2026-05-07,2026-05-09,N/A,Totally satisfied,Totally satisfied,Totally satisfied,Totally satisfied,Tow,P1,N,2026-09-27
C187-Great America Towing LLC,921410,921410,7257977,2026-05-07,2026-05-13,"I was told 4 times a driver was on their way. The 4th time, after 90 minutes, after my call to the very nice roadside assistance operator, a really nice tow truck driver showed up. Not sure why I received 3 “fake” alerts telling me a driver was on their way, when they weren’t. In an urban setting of 1 million people, it shouldn’t take 90 minutes to get help. Fortunately for me, i was in a safe place and the weather was nice, as I was locked out of my car…",Dissatisfied,Totally satisfied,Totally dissatisfied,Totally dissatisfied,Light,P1,N,2026-09-27
C187-Great America Towing LLC,921555,921555,7258678,2026-05-07,2026-05-09,N/A,Totally satisfied,Totally satisfied,Totally satisfied,Totally satisfied,Light,P1,N,2026-09-27
C187-Great America Towing LLC,903978,903978,7258881,2026-05-07,2026-05-12,N/A,Totally satisfied,Totally satisfied,Satisfied,Satisfied,Tow,P1,N,2026-09-27
C187-Great America Towing LLC,916115,916115,7259953,2026-05-07,2026-05-09,The technician replaced the battery in a timely manner.,Totally satisfied,Totally satisfied,Totally satisfied,Totally satisfied,Light,B1,N,2026-09-27
C187-Great America Towing LLC,991340,Jesse Cavazos,7264679,2026-05-08,2026-05-10,N/A,Totally satisfied,Totally satisfied,Totally satisfied,Totally satisfied,Light,B1,N,2026-09-27
C187-Great America Towing LLC,916032,916032,7276030,2026-05-09,2026-05-16,AAA is the greatest,Totally satisfied,Totally satisfied,Totally satisfied,Totally satisfied,Tow,P1,N,2026-09-27
C187-Great America Towing LLC,920907,920907,7280193,2026-05-10,2026-05-14,N/A,Totally satisfied,Totally satisfied,Totally satisfied,Totally satisfied,Light,P1,N,2026-09-27
C187-Great America Towing LLC,920907,920907,7280467,2026-05-10,2026-05-11,Excellent service! Thank you!,Totally satisfied,Totally satisfied,Totally satisfied,Satisfied,Light,P1,N,2026-09-27
C187-Great America Towing LLC,903978,903978,7283239,2026-05-10,2026-05-15,The vehicle driver was splendid,Totally satisfied,Totally satisfied,Totally satisfied,Satisfied,Tow,P1,N,2026-09-27
C187-Great America Towing LLC,AAA,AAA,7285340,2026-05-10,2026-05-12,We were trying to get a tow trailer to   tow a trailer.  We had a disagreement about what our trailer was used for. We use the trailer to tow my husband's 4x4.,Totally dissatisfied,N/A,N/A,N/A,Tow,XX,Y,2026-09-27
C187-Great America Towing LLC,916115,916115,7285438,2026-05-10,2026-05-12,N/A,Totally satisfied,Totally satisfied,Totally satisfied,Totally satisfied,Light,P1,N,2026-09-27
C187-Great America Towing LLC,903978,903978,7290533,2026-05-11,2026-05-13,Awesome driver! Funny and insightful. Handled everything with care. Couldn’t ask for a better driver. I usually don’t review but he was awesome. Give him a raise !!!!,Totally satisfied,Totally satisfied,Totally satisfied,Totally satisfied,Tow,P1,N,2026-09-27
C187-Great America Towing LLC,921410,921410,7290986,2026-05-11,2026-05-18,Satisfied ‘coz the driver was so nice and accommodating.,Totally satisfied,Totally satisfied,Totally satisfied,Totally satisfied,Tow,P1,N,2026-09-27
C187-Great America Towing LLC,921262,921262,7291518,2026-05-11,2026-05-13,N/A,Totally satisfied,Totally satisfied,Totally satisfied,Totally satisfied,Light,P1,N,2026-09-27
C187-Great America Towing LLC,921555,921555,7293309,2026-05-11,2026-05-14,The driver was very nice and went above and beyond before he gave me a jump he tested my battery to make sure it was good . That is more than 8 expected . Thank you !,Totally satisfied,Totally satisfied,Totally satisfied,Totally satisfied,Light,P1,N,2026-09-27
C187-Great America Towing LLC,916115,916115,7295990,2026-05-11,2026-05-13,N/A,Totally satisfied,Totally satisfied,Totally satisfied,Totally satisfied,Light,P1,N,2026-09-27
C187-Great America Towing LLC,904916,Manual Alvarado,7308719,2026-05-13,2026-05-20,driver is very kind and nice! he's easy to talk to.,Totally satisfied,Totally satisfied,Totally satisfied,Totally satisfied,Tow,P1,N,2026-09-27
C187-Great America Towing LLC,921555,921555,7312398,2026-05-13,2026-05-15,N/A,Totally satisfied,Totally satisfied,Totally satisfied,Totally satisfied,Light,P1,N,2026-09-27
C187-Great America Towing LLC,916115,916115,7318126,2026-05-13,2026-05-15,N/A,Totally satisfied,Totally satisfied,Totally satisfied,Totally satisfied,Light,P1,N,2026-09-27
C187-Great America Towing LLC,921410,921410,7322446,2026-05-14,2026-05-16,Great,Totally satisfied,Totally satisfied,Totally satisfied,Satisfied,Tow,P1,N,2026-09-27
C187-Great America Towing LLC,AAA,AAA,7324079,2026-05-14,2026-05-17,"The automated voice menu led me to a dead end. After answering preliminary questions I was asked if I was calling from a mobile device. I replied Yes. I was sent a text message containing a link to complete my service request. After clicking on the link nothing happened. After close to an hour waiting for my service request to be confirmed I tried again, starting from scratch.  I somehow got connected to a live agent this time who completed my request. I got messaged from a dispatcher telling me there was one person in front of me and I would be next in line to be assigned a tow truck. I waited over 2 hours with nothing but apologizes. I was running out of time to leave for a medical appointment so cancelled the service call in frustration. I’ve never run into such a disappointing experience in all my years of being a AAA member.",Totally dissatisfied,N/A,N/A,N/A,Tow,XX,Y,2026-09-27
C187-Great America Towing LLC,916032,916032,7326823,2026-05-14,2026-05-16,"I have been AAA member for several years, and I have always been very satisfied with the professionalism I’ve experienced.",Totally satisfied,Totally satisfied,Totally satisfied,Totally satisfied,Tow,P1,N,2026-09-27
C187-Great America Towing LLC,921262,921262,7335767,2026-05-15,2026-05-18,N/A,Totally satisfied,Totally satisfied,Totally satisfied,Totally satisfied,Light,P1,N,2026-09-27
C187-Great America Towing LLC,920907,920907,7336629,2026-05-15,2026-05-17,N/A,Totally satisfied,Totally satisfied,Totally satisfied,Totally satisfied,Light,B1,N,2026-09-27
C187-Great America Towing LLC,991238,Angel Jimenez-Mendoza,7337793,2026-05-15,2026-05-17,N/A,Totally satisfied,Totally satisfied,Totally satisfied,Totally satisfied,Light,P1,N,2026-09-27
C187-Great America Towing LLC,916511,916511,7341761,2026-05-16,2026-05-18,N/A,Totally satisfied,N/A,N/A,N/A,Tow,XX,Y,2026-09-27
C187-Great America Towing LLC,921555,921555,7345489,2026-05-16,2026-05-21,N/A,Totally satisfied,Totally satisfied,Totally satisfied,Totally satisfied,Light,P1,N,2026-09-27
C187-Great America Towing LLC,921262,921262,7349574,2026-05-17,2026-05-25,Wow.  More like a roadside hostage situation.  I had to walk to a nearby gas station with a random container. Beat Aaa to my car,Dissatisfied,Satisfied,Totally dissatisfied,Dissatisfied,Light,P1,N,2026-09-27
C187-Great America Towing LLC,918922,918922,7355272,2026-05-18,2026-05-19,"Easy and quick. Dispatcher called for addl information and was very friendly and concise. Driver/technician was absolutely wonderful. Courteous, easy to communicate with and  knowledgeable. Took great care with all vehicles.",Totally satisfied,Totally satisfied,Totally satisfied,Totally satisfied,Tow,P1,N,2026-09-27
C187-Great America Towing LLC,917424,917424,7356199,2026-05-18,2026-05-22,N/A,Totally satisfied,N/A,Totally satisfied,N/A,Tow,P1,N,2026-09-27
C187-Great America Towing LLC,904916,Manual Alvarado,7365141,2026-05-18,2026-05-20,"Manuel, or Manny might have been his preferred name, was great in assisting in getting my vehicle towed to the service center in a timely manner.",Totally satisfied,Totally satisfied,Totally satisfied,Totally satisfied,Tow,P1,N,2026-09-27
C187-Great America Towing LLC,921410,921410,7370456,2026-05-19,2026-05-24,N/A,Totally satisfied,Totally satisfied,Totally satisfied,Totally satisfied,Tow,P1,N,2026-09-27
C187-Great America Towing LLC,921410,921410,7373521,2026-05-19,2026-05-21,N/A,Totally satisfied,Totally satisfied,Satisfied,Totally satisfied,Tow,P1,N,2026-09-27
C187-Great America Towing LLC,920907,920907,7377903,2026-05-20,2026-05-21,The driver is professional and nice,Totally satisfied,Totally satisfied,Totally satisfied,Satisfied,Light,P1,N,2026-09-27
C187-Great America Towing LLC,921106,921106,7378398,2026-05-20,2026-05-21,我的车是特斯拉，因疏忽大意导致没电，给贵公司打电话救援，反应迅速，安全，热情，周到！非常感谢🙏,Totally satisfied,Totally satisfied,Totally satisfied,Totally satisfied,Tow,P1,N,2026-09-27
C187-Great America Towing LLC,912967,Mark  Duncan,7387130,2026-05-21,2026-05-22,N/A,Totally satisfied,Totally satisfied,Satisfied,Satisfied,Tow,P1,N,2026-09-27
C187-Great America Towing LLC,916115,916115,7395978,2026-05-21,2026-05-23,Quick response and great job at explaining what needed to be done. Very satisfied with the service received,Totally satisfied,Totally satisfied,Totally satisfied,Totally satisfied,Light,P1,N,2026-09-27
C187-Great America Towing LLC,904916,Manual Alvarado,7397437,2026-05-22,2026-05-23,N/A,Totally satisfied,Totally satisfied,Totally satisfied,Totally satisfied,Tow,P1,N,2026-09-27
C187-Great America Towing LLC,916511,916511,7399591,2026-05-22,2026-05-25,Thank for your fantastic service appreciate it so much.,Totally satisfied,Totally satisfied,Totally satisfied,Totally satisfied,Tow,P1,N,2026-09-27
C187-Great America Towing LLC,921555,921555,7409375,2026-05-23,2026-05-25,Very good and satisfied,Totally satisfied,Totally satisfied,Totally satisfied,Totally satisfied,Light,P1,N,2026-09-27
C187-Great America Towing LLC,921555,921555,7409642,2026-05-23,2026-05-25,N/A,Totally satisfied,N/A,Totally satisfied,Totally satisfied,Light,P1,N,2026-09-27
C187-Great America Towing LLC,991238,Angel Jimenez-Mendoza,7414034,2026-05-23,2026-05-26,"This was the best service response in the last few years in which I've needed service multiple times. Other times I have had problems with the call part being automated,  and not really knowing when I would get service. One of my vehicles is larger and requires loading on a flat bed truck which might not be available on a weekend or late at night, leaving me stranded away from home. Thus my lower rating on the question of recommending AAA.",Totally satisfied,Totally satisfied,Totally satisfied,Totally satisfied,Light,P1,N,2026-09-27
C187-Great America Towing LLC,916032,916032,7414458,2026-05-23,2026-05-28,He was mean. He was telling me my car had alternator problem and battery.when it was cables not tightness. Rude gave me a tow for nothing. I drove off once he took car off truck. Drove by him looking at him like what. Went to put gas in it and drove off,Dissatisfied,Dissatisfied,Dissatisfied,Dissatisfied,Light,P1,N,2026-09-27
C187-Great America Towing LLC,916115,916115,7417960,2026-05-24,2026-05-30,N/A,Totally satisfied,Totally satisfied,Totally satisfied,Totally satisfied,Light,B6,N,2026-09-27
C187-Great America Towing LLC,904916,Manual Alvarado,7418376,2026-05-24,2026-05-26,N/A,Totally satisfied,Totally satisfied,Totally satisfied,Totally satisfied,Light,P1,N,2026-09-27
C187-Great America Towing LLC,918922,918922,7418423,2026-05-24,2026-05-29,Very pleased with the service,Totally satisfied,Totally satisfied,Totally satisfied,Totally satisfied,Tow,P1,N,2026-09-27
C187-Great America Towing LLC,916115,916115,7418762,2026-05-24,2026-05-26,N/A,Totally satisfied,Totally satisfied,Totally satisfied,Totally satisfied,Light,B1,N,2026-09-27
C187-Great America Towing LLC,916115,916115,7419153,2026-05-24,2026-05-26,N/A,Totally satisfied,Totally satisfied,Totally satisfied,Totally satisfied,Light,B1,N,2026-09-27
C187-Great America Towing LLC,923580,923580,7419578,2026-05-24,2026-05-26,Fast safe polite competent,Totally satisfied,Totally satisfied,Totally satisfied,Totally satisfied,Tow,P1,N,2026-09-27
C187-Great America Towing LLC,921262,921262,7425682,2026-05-25,2026-05-27,"Give the service man (i think his name was dennis) a raise and up his commission, he was a very knowledgeable servicer and conversationalist, good salesman too.",Totally satisfied,Totally satisfied,Totally satisfied,Totally satisfied,Light,B1,N,2026-09-27
C187-Great America Towing LLC,921262,921262,7425975,2026-05-25,2026-05-27,Service was a lot sooner than I expected.    Driver called and kept me informed of ETA.  Excellent customer service from start to finish.,Totally satisfied,Totally satisfied,Totally satisfied,Totally satisfied,Light,P1,N,2026-09-27
C187-Great America Towing LLC,921410,921410,7426982,2026-05-25,2026-05-27,Just excellent service from the AAA agent as well as the tow driver !!!,Totally satisfied,Totally satisfied,Totally satisfied,Totally satisfied,Tow,P1,N,2026-09-27
C187-Great America Towing LLC,916032,916032,7438108,2026-05-26,2026-05-28,Very quickly and perfectly job done.,Totally satisfied,Totally satisfied,Totally satisfied,Totally satisfied,Tow,P1,N,2026-09-27
C187-Great America Towing LLC,918922,918922,7441515,2026-05-27,2026-05-28,工作态度好有责任。,Satisfied,Satisfied,Totally satisfied,Totally satisfied,Light,P1,N,2026-09-27
C187-Great America Towing LLC,921106,921106,7443672,2026-05-27,2026-05-28,N/A,Satisfied,Satisfied,Satisfied,Satisfied,Tow,P1,N,2026-09-27
C187-Great America Towing LLC,916511,916511,7444480,2026-05-27,2026-05-29,N/A,Totally satisfied,Totally satisfied,Dissatisfied,Totally satisfied,Tow,P1,N,2026-09-27
C187-Great America Towing LLC,903978,903978,7448698,2026-05-27,2026-05-29,Driver was very helpful and got me back on the road quickly and easily.,Totally satisfied,Totally satisfied,Totally satisfied,Totally satisfied,Tow,P1,N,2026-09-27
C187-Great America Towing LLC,916032,916032,7450337,2026-05-27,2026-05-30,N/A,Totally satisfied,Totally satisfied,Totally satisfied,Totally satisfied,Tow,P1,N,2026-09-27
C187-Great America Towing LLC,916032,916032,7450864,2026-05-27,2026-06-01,N/A,Totally satisfied,Totally satisfied,Totally satisfied,Totally satisfied,Tow,P1,N,2026-09-27
C187-Great America Towing LLC,920907,920907,7451301,2026-05-27,2026-05-29,N/A,Totally satisfied,Totally satisfied,Neither satisfied nor dissatisfied,Satisfied,Light,P1,N,2026-09-27
C187-Great America Towing LLC,916115,916115,7451589,2026-05-27,2026-05-29,"Ran out of gas. Called AAA, gave them address that I could see on a sign on the street outside the company. Address turned out to be incorrect. Service driver Coyer was headed to the wrong address that I had provided. Looked up address using a maps app and called Coyer, he changed routes and arrived within 10 mins. Thanks.",Totally satisfied,Totally satisfied,Totally satisfied,Totally satisfied,Light,P1,N,2026-09-27
C187-Great America Towing LLC,912967,Mark  Duncan,7451593,2026-05-27,2026-05-29,"I felt that the tow truck driver was very professional knew what he was doing, and he moved very quickly on getting the vehicle on the truck bed.",Totally satisfied,Totally satisfied,Totally satisfied,Totally satisfied,Tow,P1,N,2026-09-27
C187-Great America Towing LLC,920907,920907,7453374,2026-05-28,2026-05-29,Great customer service and very patient.,Totally satisfied,Totally satisfied,Totally satisfied,Totally satisfied,Light,P1,N,2026-09-27
C187-Great America Towing LLC,916511,916511,7454182,2026-05-28,2026-06-02,"There are no words to describe how extremely satisfied I am with the service provider by the driver. He was super polite, helpful and a true joy to be able to meet him. He really turned a horrible day into a beautiful one!",Totally satisfied,Totally satisfied,Totally satisfied,Totally satisfied,Tow,P1,N,2026-09-27
C187-Great America Towing LLC,920907,920907,7461515,2026-05-28,2026-06-03,N/A,Totally satisfied,Totally satisfied,Totally satisfied,Totally satisfied,Light,B6,N,2026-09-27
C187-Great America Towing LLC,912967,Mark  Duncan,7462666,2026-05-29,2026-05-30,It was fast and professional. Good service,Totally satisfied,Totally satisfied,Totally satisfied,Totally satisfied,Tow,P1,N,2026-09-27
C187-Great America Towing LLC,912967,Mark  Duncan,7469759,2026-05-29,2026-06-04,it was excellent,Totally satisfied,Totally satisfied,Totally satisfied,Totally satisfied,Tow,P1,N,2026-09-27
C187-Great America Towing LLC,921262,921262,7469960,2026-05-29,2026-06-03,N/A,Totally satisfied,N/A,N/A,N/A,Light,P1,N,2026-09-27
C187-Great America Towing LLC,916511,916511,7476938,2026-05-30,2026-06-01,It was quick and easy,Totally satisfied,N/A,N/A,N/A,Tow,P2,Y,2026-09-27
C187-Great America Towing LLC,917856,917856,7479363,2026-05-30,2026-06-01,Awesome Driver. Professional,Totally satisfied,Totally satisfied,Totally satisfied,Totally satisfied,Tow,P1,N,2026-09-27
C187-Great America Towing LLC,920907,920907,7481274,2026-05-31,2026-06-01,N/A,Totally satisfied,Totally satisfied,Totally satisfied,Totally satisfied,Light,P1,N,2026-09-27
C187-Great America Towing LLC,920907,920907,7482633,2026-05-31,2026-06-02,N/A,Totally satisfied,Totally satisfied,Totally satisfied,Totally satisfied,Light,P1,N,2026-09-27
C187-Great America Towing LLC,916115,916115,7486076,2026-05-31,2026-06-05,N/A,Totally satisfied,Totally satisfied,Totally satisfied,Totally satisfied,Light,P1,N,2026-09-27
C187-Great America Towing LLC,904916,Manual Alvarado,7496238,2026-06-01,2026-06-03,N/A,Totally satisfied,Totally satisfied,Totally satisfied,Totally satisfied,Tow,P1,N,2026-09-27
C187-Great America Towing LLC,918922,918922,7497241,2026-06-01,2026-06-06,God,Totally satisfied,Satisfied,Satisfied,Satisfied,Tow,P1,N,2026-09-27
C187-Great America Towing LLC,921555,921555,7504372,2026-06-02,2026-06-04,N/A,Totally satisfied,Totally satisfied,Totally satisfied,Totally satisfied,Light,P1,N,2026-09-27
C187-Great America Towing LLC,918922,918922,7509129,2026-06-03,2026-06-04,N/A,Totally satisfied,Totally satisfied,Totally satisfied,Totally satisfied,Tow,P1,N,2026-09-27
C187-Great America Towing LLC,912967,Mark  Duncan,7510082,2026-06-03,2026-06-07,N/A,Totally satisfied,Totally satisfied,Totally satisfied,Dissatisfied,Tow,P1,N,2026-09-27
C187-Great America Towing LLC,921555,921555,7512825,2026-06-03,2026-06-05,N/A,Totally satisfied,Totally satisfied,Totally satisfied,Totally satisfied,Light,P1,N,2026-09-27
C187-Great America Towing LLC,921555,921555,7514266,2026-06-03,2026-06-05,N/A,Totally satisfied,Totally satisfied,Totally satisfied,Totally satisfied,Light,P1,N,2026-09-27
C187-Great America Towing LLC,903978,903978,7518116,2026-06-03,2026-06-08,N/A,Satisfied,Satisfied,Satisfied,Satisfied,Tow,P1,N,2026-09-27
C187-Great America Towing LLC,920907,920907,7518904,2026-06-03,2026-06-05,"I don’t like calling too many prompts. I know you’re trying to get us to use the app and go automated, but there are still people who want the human touch. Eventually, we got in and we got the service",Totally satisfied,Totally satisfied,Totally satisfied,Satisfied,Light,P1,N,2026-09-27
C187-Great America Towing LLC,923580,923580,7525687,2026-06-04,2026-06-05,Good,Totally satisfied,Totally satisfied,Satisfied,Satisfied,Light,P1,N,2026-09-27
C187-Great America Towing LLC,920907,920907,7527954,2026-06-04,2026-06-05,N/A,Totally satisfied,Totally satisfied,Totally satisfied,Totally satisfied,Light,P1,N,2026-09-27
C187-Great America Towing LLC,920907,920907,7529128,2026-06-05,2026-06-07,N/A,Totally satisfied,Totally satisfied,Totally satisfied,Totally satisfied,Light,P1,N,2026-09-27
C187-Great America Towing LLC,918208,918208,7530233,2026-06-05,2026-06-06,The best,Totally satisfied,Totally satisfied,Satisfied,Totally satisfied,Tow,P1,N,2026-09-27
C187-Great America Towing LLC,991238,Angel Jimenez-Mendoza,7534961,2026-06-05,2026-06-10,He did it very good and fast. Thank you.,Satisfied,Satisfied,Satisfied,Satisfied,Light,P1,N,2026-09-27
C187-Great America Towing LLC,991340,Jesse Cavazos,7535461,2026-06-05,2026-06-08,N/A,Totally satisfied,N/A,Totally satisfied,N/A,Light,B1,N,2026-09-27
C187-Great America Towing LLC,916032,916032,7542056,2026-06-06,2026-06-11,N/A,Totally satisfied,Totally satisfied,Satisfied,Satisfied,Light,P1,N,2026-09-27
C187-Great America Towing LLC,923580,923580,7546057,2026-06-06,2026-06-11,N/A,Totally satisfied,Totally satisfied,Totally satisfied,Totally satisfied,Tow,P1,N,2026-09-27
C187-Great America Towing LLC,923580,923580,7547832,2026-06-06,2026-06-08,"I've been a member for 4yrs and this was the 1st time needing road side assistance. Except for the app switching the arrival time and driver, it was great",Totally satisfied,Totally satisfied,Neither satisfied nor dissatisfied,Neither satisfied nor dissatisfied,Tow,P1,N,2026-09-27
C187-Great America Towing LLC,991238,Angel Jimenez-Mendoza,7557053,2026-06-08,2026-06-10,Very good,Totally satisfied,Totally satisfied,Totally satisfied,Totally satisfied,Light,P1,N,2026-09-27
C187-Great America Towing LLC,991238,Angel Jimenez-Mendoza,7565516,2026-06-08,2026-06-13,Our roadside tech was super nice and informative. Helped check out battery age and let us know about the warranty even though we didn't purchase it through AAA.,Totally satisfied,Totally satisfied,Totally satisfied,Totally satisfied,Light,P1,N,2026-09-27
C187-Great America Towing LLC,916115,916115,7567447,2026-06-09,2026-06-10,N/A,Totally satisfied,Totally satisfied,Totally satisfied,Totally satisfied,Light,P1,N,2026-09-27
C187-Great America Towing LLC,991238,Angel Jimenez-Mendoza,7575502,2026-06-09,2026-06-13,N/A,Totally satisfied,Totally satisfied,Neither satisfied nor dissatisfied,Totally satisfied,Light,P2,N,2026-09-27
C187-Great America Towing LLC,918922,918922,7576120,2026-06-09,2026-06-10,N/A,Totally satisfied,Totally satisfied,Totally satisfied,Totally satisfied,Tow,P1,N,2026-09-27
C187-Great America Towing LLC,918922,918922,7577851,2026-06-10,2026-06-10,N/A,Totally satisfied,Totally satisfied,Totally satisfied,Totally satisfied,Tow,P1,N,2026-09-27
C187-Great America Towing LLC,916511,916511,7580819,2026-06-10,2026-06-11,N/A,Totally satisfied,Totally satisfied,Totally satisfied,Totally satisfied,Light,P1,N,2026-09-27
C187-Great America Towing LLC,921555,921555,7583055,2026-06-10,2026-06-11,Quick,Totally satisfied,Totally satisfied,Totally satisfied,Totally satisfied,Light,B1,N,2026-09-27
C187-Great America Towing LLC,916115,916115,7583792,2026-06-10,2026-06-15,Very fast and thoughral .,Totally satisfied,Totally satisfied,Totally satisfied,Totally satisfied,Light,P1,N,2026-09-27
C187-Great America Towing LLC,903978,903978,7583922,2026-06-10,2026-06-11,he was great!,Totally satisfied,Totally satisfied,Totally satisfied,Totally satisfied,Tow,P1,N,2026-09-27
C187-Great America Towing LLC,916115,916115,7588487,2026-06-11,2026-06-11,The tech was very thorough and even called a colleague to verify battery compatibility,Totally satisfied,Totally satisfied,Totally satisfied,Totally satisfied,Light,B1,N,2026-09-27
C187-Great America Towing LLC,916511,916511,7589890,2026-06-11,2026-06-16,N/A,Totally satisfied,Totally satisfied,Totally satisfied,Totally satisfied,Tow,P1,N,2026-09-27
C187-Great America Towing LLC,903978,903978,7594580,2026-06-11,2026-06-12,Very difficult to navigate through telephone services,Satisfied,Totally satisfied,Satisfied,Totally satisfied,Tow,P1,N,2026-09-27
C187-Great America Towing LLC,916115,916115,7594587,2026-06-11,2026-06-13,Very helpful,Satisfied,Totally satisfied,Satisfied,Satisfied,Light,P1,N,2026-09-27
C187-Great America Towing LLC,916032,916032,7597998,2026-06-12,2026-06-12,"The roadside pick up driver , Ruben was very courteous and excellent. He patiently explained  me all the options & questions I had. Great service",Totally satisfied,Totally satisfied,Totally satisfied,Totally satisfied,Tow,P1,N,2026-09-27
C187-Great America Towing LLC,920907,920907,7598105,2026-06-12,2026-06-12,Michael is awesome!,Totally satisfied,Totally satisfied,Totally satisfied,Totally satisfied,Light,P1,N,2026-09-27
C187-Great America Towing LLC,918922,918922,7604181,2026-06-12,2026-06-13,N/A,Totally satisfied,Totally satisfied,Satisfied,Satisfied,Tow,P1,N,2026-09-27
C187-Great America Towing LLC,918208,918208,7605095,2026-06-12,2026-06-13,N/A,Totally satisfied,Totally satisfied,Totally satisfied,Totally satisfied,Tow,P1,N,2026-09-27
C187-Great America Towing LLC,918208,918208,7606844,2026-06-12,2026-06-13,Calling roadside assistance via app is broken. I had to make a phone call which is not always convenient.,Satisfied,Totally satisfied,Satisfied,Totally satisfied,Tow,P1,N,2026-09-27
C187-Great America Towing LLC,923580,923580,7616948,2026-06-14,2026-06-14,N/A,Totally satisfied,Totally satisfied,Totally satisfied,Totally satisfied,Tow,P1,N,2026-09-27
C187-Great America Towing LLC,903978,903978,7620613,2026-06-14,2026-06-15,Excellent service,Totally satisfied,Totally satisfied,Totally satisfied,Totally satisfied,Tow,P1,N,2026-09-27
C187-Great America Towing LLC,921410,921410,7628444,2026-06-15,2026-06-21,"Two truck driver was extremely helpful, thanks",Totally satisfied,Totally satisfied,Totally satisfied,Totally satisfied,Tow,P1,N,2026-09-27
C187-Great America Towing LLC,911001,Steven Smolt,7635765,2026-06-16,2026-06-18,N/A,Totally satisfied,Totally satisfied,Totally satisfied,Totally satisfied,Light,P1,N,2026-09-27
C187-Great America Towing LLC,916032,916032,7640840,2026-06-16,2026-06-22,The driver was amazing and really helped the whole process. I thought I was going to have a really bad day but he made everything turn out great. 5 stars!,Totally satisfied,Totally satisfied,Totally satisfied,Totally satisfied,Tow,P1,N,2026-09-27
C187-Great America Towing LLC,911001,Steven Smolt,7646412,2026-06-17,2026-06-19,Didn’t expect that the driver was gonna take an hour and a half to show up,Neither satisfied nor dissatisfied,Totally satisfied,Dissatisfied,Totally satisfied,Tow,P1,N,2026-09-27
C187-Great America Towing LLC,916115,916115,7646495,2026-06-17,2026-06-22,N/A,Totally satisfied,Totally satisfied,Totally satisfied,Totally satisfied,Light,P1,N,2026-09-27
C187-Great America Towing LLC,912967,Mark  Duncan,7647475,2026-06-17,2026-06-19,Prompt and excellent services,Totally satisfied,Totally satisfied,Totally satisfied,Totally satisfied,Tow,P1,N,2026-09-27
C187-Great America Towing LLC,903978,903978,7649481,2026-06-17,2026-06-19,N/A,Totally satisfied,Totally satisfied,Totally satisfied,Totally satisfied,Tow,P1,N,2026-09-27
C187-Great America Towing LLC,916032,916032,7649523,2026-06-17,2026-06-20,"The overall experience was excellent. I'm very happy that I had AAA membership. I have one thing to mention. I reported that I had a flat tire. The tow truck took me to AAA service place. But, they said that they did not repair tires, and sent me to America's tire. If you can check the availability first and send to the right place in the first time, that would be really great. Overall, I'm happy with your roadside assistance. Thanks very much.",Satisfied,Totally satisfied,Totally satisfied,Totally satisfied,Tow,P1,N,2026-09-27
C187-Great America Towing LLC,920907,920907,7651185,2026-06-17,2026-06-22,N/A,Totally satisfied,Totally satisfied,Satisfied,Totally satisfied,Light,P1,N,2026-09-27
C187-Great America Towing LLC,903978,903978,7654912,2026-06-17,2026-06-19,The tow truck driver was great! Very friendly and helpful. Took great care of my Jeep while towing.,Totally satisfied,Totally satisfied,Totally satisfied,Totally satisfied,Tow,P1,N,2026-09-27
C187-Great America Towing LLC,923580,923580,7655708,2026-06-17,2026-06-22,"The tow truck driver was amazingly professional, kind, compassionate and friendly!!",Totally satisfied,Totally satisfied,Totally satisfied,Totally satisfied,Tow,P1,N,2026-09-27
C187-Great America Towing LLC,921262,921262,7671652,2026-06-19,2026-06-23,N/A,Totally satisfied,Totally satisfied,Totally satisfied,Totally satisfied,Light,B1,N,2026-09-27
C187-Great America Towing LLC,916032,916032,7672652,2026-06-19,2026-06-20,Antoni was extremely helpful!,Totally satisfied,Totally satisfied,Totally satisfied,Totally satisfied,Tow,P1,N,2026-09-27
C187-Great America Towing LLC,912967,Mark  Duncan,7673587,2026-06-19,2026-07-01,N/A,Totally satisfied,Totally satisfied,Totally satisfied,Totally satisfied,Tow,P1,N,2026-09-27
C187-Great America Towing LLC,912967,Mark  Duncan,7678095,2026-06-20,2026-06-20,Mark was incredible!,Totally satisfied,Totally satisfied,Totally satisfied,Totally satisfied,Tow,P1,N,2026-09-27
C187-Great America Towing LLC,911001,Steven Smolt,7678465,2026-06-20,2026-06-24,Long wait time,Satisfied,Totally satisfied,Dissatisfied,Totally satisfied,Light,P1,N,2026-09-27
C187-Great America Towing LLC,916032,916032,7679493,2026-06-20,2026-06-21,Good communication and good response time,Totally satisfied,Totally satisfied,Totally satisfied,Totally satisfied,Tow,P2,N,2026-09-27
C187-Great America Towing LLC,916032,916032,7681925,2026-06-20,2026-06-21,Antonio provides fast and professsional service!! Kudos for helping me out!! I would definintely refer AAA cause of his excellent service!!,Totally satisfied,Totally satisfied,Totally satisfied,Totally satisfied,Tow,P1,N,2026-09-27
C187-Great America Towing LLC,923580,923580,7682954,2026-06-20,2026-06-21,N/A,Totally satisfied,Totally satisfied,Totally satisfied,Totally satisfied,Tow,P1,N,2026-09-27
C187-Great America Towing LLC,921555,921555,7684369,2026-06-20,2026-06-21,Very helpful on the phone.,Totally satisfied,N/A,N/A,N/A,Light,XX,Y,2026-09-27
C187-Great America Towing LLC,921555,921555,7685075,2026-06-20,2026-06-22,Excellent responder knoledge and service,Totally satisfied,Totally satisfied,Totally satisfied,Totally satisfied,Light,B1,N,2026-09-27
C187-Great America Towing LLC,923580,923580,7685142,2026-06-20,2026-06-24,Frank the tow truck driver was an excellent customer oriented person. I recommend AAA reward him for his service oriented approach.,Totally satisfied,Totally satisfied,Totally satisfied,Totally satisfied,Tow,P1,N,2026-09-27
C187-Great America Towing LLC,921262,921262,7688786,2026-06-21,2026-06-22,After the battery was replaced on my Lexus RX350 my navigation system and stereo was not able to come back online. This is causing a lot of inconvenience and I’m not sure if the technician shorted out my navigation / stereo system. This will require a professional from Lexus to fix. The costs maybe high . I’m requesting AAA to cover the cost since this damage was caused by AAA. I’m not very happy about it.,Totally dissatisfied,Neither satisfied nor dissatisfied,Neither satisfied nor dissatisfied,Neither satisfied nor dissatisfied,Light,B1,N,2026-09-27
C187-Great America Towing LLC,991238,Angel Jimenez-Mendoza,7692596,2026-06-21,2026-06-22,Very fast response time. Very accommodating roadside tech. Issue seemed to have evaporated the moment he arrived. But that always seems to be the way.,Totally satisfied,Totally satisfied,Totally satisfied,Totally satisfied,Light,P1,N,2026-09-27
C187-Great America Towing LLC,921410,921410,7696657,2026-06-22,2026-06-23,"Morning service is good, night service was very slow",Totally satisfied,Totally satisfied,Satisfied,Totally satisfied,Tow,P1,N,2026-09-27
C187-Great America Towing LLC,903978,903978,7697983,2026-06-22,2026-06-24,Love AAA. Been with AAA since i was 19 yr old now im 43 yrs old.   Yall are the best.   The  driver was the bomb he was so nice and had this really chill vibe about him it was like a warm hug he be the bomb he told me he has been a tow driver for more than 40 yrs keep this dude till his retirement  he rocks,Totally satisfied,Totally satisfied,Totally satisfied,Totally satisfied,Tow,P1,N,2026-09-27
C187-Great America Towing LLC,991340,Jesse Cavazos,7710064,2026-06-23,2026-06-25,Only one thing I would improve would be the replacement batteries should be 100% New. I got a battery less than one year and I got stuck at 3:00 am with my alarm going off not getting into my car. Missed my flight at SFO.,Satisfied,Totally satisfied,Totally satisfied,Satisfied,Light,B6,N,2026-09-27
C187-Great America Towing LLC,916115,916115,7711277,2026-06-23,2026-07-07,N/A,Totally satisfied,Totally satisfied,Totally satisfied,Totally satisfied,Light,P1,N,2026-09-27
C187-Great America Towing LLC,991238,Angel Jimenez-Mendoza,7712551,2026-06-23,2026-06-24,N/A,Totally satisfied,Totally satisfied,Totally satisfied,Totally satisfied,Light,P1,N,2026-09-27
C187-Great America Towing LLC,991238,Angel Jimenez-Mendoza,7712916,2026-06-23,2026-06-24,N/A,Totally satisfied,Totally satisfied,Totally satisfied,Totally satisfied,Light,P1,N,2026-09-27
C187-Great America Towing LLC,991238,Angel Jimenez-Mendoza,7715631,2026-06-24,2026-06-24,I had to replace my battery and the overall excellent service took about 15 min to complete..,Totally satisfied,Totally satisfied,Totally satisfied,Totally satisfied,Light,B1,N,2026-09-27
C187-Great America Towing LLC,916115,916115,7715740,2026-06-24,2026-06-25,N/A,Totally satisfied,Satisfied,Totally satisfied,Totally satisfied,Light,P1,N,2026-09-27
C187-Great America Towing LLC,991340,Jesse Cavazos,7717227,2026-06-24,2026-06-25,It was faster then I thought.,Totally satisfied,Totally satisfied,Totally satisfied,Totally satisfied,Light,P1,N,2026-09-27
C187-Great America Towing LLC,921410,921410,7717966,2026-06-24,2026-06-25,Everything was great! I only question the necessity for me to go to the shop the car was being towed from. They didn't need my ID or AAA card. It was inconvenient to go there but still you guys took great care of me.,Totally satisfied,Totally satisfied,Totally satisfied,Totally satisfied,Tow,P1,N,2026-09-27
C187-Great America Towing LLC,920907,920907,7718792,2026-06-24,2026-06-28,Technician was very knowledgeable and took a few minutes to explain how to avoid the issue going forward.,Totally satisfied,Totally satisfied,Totally satisfied,Totally satisfied,Light,P1,N,2026-09-27
C187-Great America Towing LLC,911001,Steven Smolt,7725555,2026-06-25,2026-06-25,"Very helpful, Quick service, very knowledgeable, the guy made sure that I reach home safely.",Totally satisfied,Totally satisfied,Totally satisfied,Totally satisfied,Tow,P1,N,2026-09-27
C187-Great America Towing LLC,916115,916115,7728903,2026-06-25,2026-07-08,So happy to have some one  figure out a new battery and replace it so quickly,Totally satisfied,Totally satisfied,Totally satisfied,Totally satisfied,Light,B1,N,2026-09-27
C187-Great America Towing LLC,921410,921410,7729748,2026-06-25,2026-07-10,N/A,Totally satisfied,Totally satisfied,Totally satisfied,Totally satisfied,Tow,P1,N,2026-09-27
C187-Great America Towing LLC,903978,903978,7731767,2026-06-25,2026-07-08,Great/fast service!!,Totally satisfied,Totally satisfied,Totally satisfied,Neither satisfied nor dissatisfied,Tow,P1,N,2026-09-27
C187-Great America Towing LLC,916115,916115,7733572,2026-06-25,2026-06-27,"Same high quality, time after time",Totally satisfied,Totally satisfied,Totally satisfied,Totally satisfied,Light,P1,N,2026-09-27
C187-Great America Towing LLC,921410,921410,7738163,2026-06-26,2026-06-27,N/A,Totally satisfied,Totally satisfied,Satisfied,Satisfied,Tow,P1,N,2026-09-27
C187-Great America Towing LLC,916511,916511,7738239,2026-06-26,2026-07-07,Driver was awesome. Great attitude and personality,Totally satisfied,Totally satisfied,Totally satisfied,Totally satisfied,Tow,P1,N,2026-09-27
C187-Great America Towing LLC,916511,916511,7741862,2026-06-26,2026-06-27,N/A,Totally satisfied,N/A,N/A,N/A,Tow,XX,Y,2026-09-27
C187-Great America Towing LLC,920907,920907,7749460,2026-06-27,2026-07-01,The driver was wonderful! Very helpful and knowledgeable! Explained things clearly and he fixed the problem and answered all of my questions!,Totally satisfied,Totally satisfied,Totally satisfied,Totally satisfied,Light,B6,N,2026-09-27
C187-Great America Towing LLC,923580,923580,7751775,2026-06-27,2026-07-01,N/A,Totally satisfied,Totally satisfied,Totally satisfied,Totally satisfied,Tow,P1,N,2026-09-27
C187-Great America Towing LLC,912967,Mark  Duncan,7752310,2026-06-27,2026-06-28,"I was stranded on the freeway for 90 minutes. I called AAA immediately and they said they would have a tow truck sent withun 60 minutes. 45 minutes later i called for an update. My call was answered by a rude AAA agent who finally called the towing service to see what the status was. He informed me they had been trying to reach me but i had no missed calls. I confirmed that my number was correct and the agent spoke to the tow agency again, come by on the line to inform me it would be another 45 minutes!!! Hecwas rude and I know that sonething had gone wrong in AAA's part. Thankfully the tow truck driver was one of the kindest individuals and calmed my stress and fear immediately. I was a woman alone on a busy freeway for 90 minutes...ridiculous!!!",Dissatisfied,Totally satisfied,Totally dissatisfied,Dissatisfied,Tow,P1,N,2026-09-27
C187-Great America Towing LLC,916115,916115,7757703,2026-06-28,2026-06-29,Hoyer was very professional he went above and beyond to help me with.my Escalade/Cadillac.his service was a 10.,Totally satisfied,Totally satisfied,Totally satisfied,Totally satisfied,Light,P1,N,2026-09-27
C187-Great America Towing LLC,921555,921555,7763108,2026-06-29,2026-06-29,Pedro was awesome. he responded pretty fast and changed out the battery after doing a test. his work was clean and he was friendly and respectful.,Totally satisfied,Totally satisfied,Totally satisfied,Totally satisfied,Light,B1,N,2026-09-27
C187-Great America Towing LLC,918922,918922,7766345,2026-06-29,2026-07-10,N/A,Totally satisfied,Totally satisfied,Totally satisfied,Totally satisfied,Tow,P1,N,2026-09-27
C187-Great America Towing LLC,991238,Angel Jimenez-Mendoza,7771563,2026-06-29,2026-07-01,N/A,Totally satisfied,Totally satisfied,Totally satisfied,Totally satisfied,Light,P1,N,2026-09-27
C187-Great America Towing LLC,916115,916115,7772198,2026-06-29,2026-07-01,Great help,Totally satisfied,Totally satisfied,Totally satisfied,Totally satisfied,Light,P1,N,2026-09-27
C187-Great America Towing LLC,916115,916115,7783174,2026-06-30,2026-07-07,"Th guy helped jump start my car and was really knowledgeable about batteries and cars in general, super nice and helpful ;)",Totally satisfied,Totally satisfied,Totally satisfied,Totally satisfied,Light,P1,N,2026-09-27
C187-Great America Towing LLC,916115,916115,7784760,2026-07-01,2026-07-01,He was so nice and helpful and quick!,Totally satisfied,Totally satisfied,Totally satisfied,Totally satisfied,Light,P1,N,2026-09-27
C187-Great America Towing LLC,921555,921555,7786237,2026-07-01,2026-07-02,N/A,Totally satisfied,Totally satisfied,Satisfied,Totally satisfied,Light,P1,N,2026-09-27
C187-Great America Towing LLC,921555,921555,7788501,2026-07-01,2026-07-05,N/A,Totally satisfied,Totally satisfied,Totally satisfied,Totally satisfied,Light,B1,N,2026-09-27
C187-Great America Towing LLC,912967,Mark  Duncan,7795823,2026-07-02,2026-07-03,N/A,Totally satisfied,Totally satisfied,Totally satisfied,Totally satisfied,Tow,P1,N,2026-09-27
C187-Great America Towing LLC,903978,903978,7798429,2026-07-02,2026-07-11,N/A,Totally satisfied,N/A,Satisfied,Totally satisfied,Tow,P1,N,2026-09-27
C187-Great America Towing LLC,916511,916511,7800245,2026-07-02,2026-07-04,The driver Carlos was very professional and friendly.  He removed my vehicle in a busy parking lot quickly and safely.  Since my home was that to the AAA shop I asked if I could be dropped off at home.  Carlos was accommodating to this request.  👍👍,Totally satisfied,Totally satisfied,Totally satisfied,Totally satisfied,Tow,P1,N,2026-09-27
C187-Great America Towing LLC,920907,920907,7802730,2026-07-02,2026-07-06,N/A,Totally satisfied,Totally satisfied,Totally satisfied,Totally satisfied,Light,B1,N,2026-09-27
C187-Great America Towing LLC,923580,923580,7813589,2026-07-03,2026-07-04,The man that assisted us was very friendly and helpful,Totally satisfied,Totally satisfied,Totally satisfied,Totally satisfied,Tow,P1,N,2026-09-27
C187-Great America Towing LLC,920907,920907,7814697,2026-07-04,2026-07-04,Michael Mendoza delivered exceptional customer service. He went above and beyond and was very detailed and walked us through everything he was doing. We were extremely happy to have him for our AAA service. He was very kind and professional.,Totally satisfied,Totally satisfied,Totally satisfied,Totally satisfied,Light,B6,N,2026-09-27
C187-Great America Towing LLC,916115,916115,7823668,2026-07-05,2026-07-07,N/A,Totally satisfied,Totally satisfied,Totally satisfied,Satisfied,Light,P1,N,2026-09-27
C187-Great America Towing LLC,991238,Angel Jimenez-Mendoza,7827848,2026-07-06,2026-07-06,N/A,Totally satisfied,Totally satisfied,Totally satisfied,Totally satisfied,Light,P1,N,2026-09-27
C187-Great America Towing LLC,991238,Angel Jimenez-Mendoza,7828245,2026-07-06,2026-07-07,Driver was very nice and communication was good. He even recommended some good pointers.,Totally satisfied,Totally satisfied,Totally satisfied,Totally satisfied,Light,P1,N,2026-09-27
C187-Great America Towing LLC,923580,923580,7828385,2026-07-06,2026-07-06,N/A,Totally satisfied,Totally satisfied,Totally satisfied,Totally satisfied,Tow,P1,N,2026-09-27
C187-Great America Towing LLC,921555,921555,7832699,2026-07-06,2026-07-10,N/A,Totally satisfied,Totally satisfied,Totally satisfied,Totally satisfied,Light,P1,N,2026-09-27
C187-Great America Towing LLC,921262,921262,7837422,2026-07-06,2026-07-07,N/A,Totally satisfied,Totally satisfied,Totally satisfied,Totally satisfied,Tow,P2,N,2026-09-27
C187-Great America Towing LLC,918208,918208,7838114,2026-07-06,2026-07-12,N/A,Dissatisfied,Totally satisfied,Totally dissatisfied,Totally satisfied,Tow,P1,N,2026-09-27
C187-Great America Towing LLC,917424,917424,7840528,2026-07-07,2026-07-11,All good,Totally satisfied,Totally satisfied,Totally satisfied,Satisfied,Tow,P1,N,2026-09-27
C187-Great America Towing LLC,991238,Angel Jimenez-Mendoza,7840861,2026-07-07,2026-07-08,N/A,Totally satisfied,Totally satisfied,Totally satisfied,Totally satisfied,Light,P1,N,2026-09-27
C187-Great America Towing LLC,921262,921262,7845171,2026-07-07,2026-07-09,N/A,Totally satisfied,Totally satisfied,Totally satisfied,Totally satisfied,Light,P1,N,2026-09-27
C187-Great America Towing LLC,921262,921262,7848549,2026-07-07,2026-07-08,N/A,Totally satisfied,Totally satisfied,Totally satisfied,Totally satisfied,Light,P1,N,2026-09-27
C187-Great America Towing LLC,912967,Mark  Duncan,7852743,2026-07-08,2026-07-08,N/A,Totally satisfied,Totally satisfied,Totally satisfied,Totally satisfied,Tow,P1,N,2026-09-27
C187-Great America Towing LLC,916115,916115,7857794,2026-07-08,2026-07-09,"AAA is a blessing and a God send for us  When one is stranded on a road, parking lot who are we going to call?   AAA Travel roadside assistance!  Thank you for the great service over the many Years I think for us it’s over 30 Years plus",Totally satisfied,Totally satisfied,Totally satisfied,Totally satisfied,Light,B1,N,2026-09-27
C187-Great America Towing LLC,920907,920907,7863241,2026-07-09,2026-07-13,N/A,Totally satisfied,Totally satisfied,Totally satisfied,Totally satisfied,Light,P1,N,2026-09-27
C187-Great America Towing LLC,916511,916511,7864453,2026-07-09,2026-07-10,N/A,Totally satisfied,Totally satisfied,Totally satisfied,Totally satisfied,Tow,P1,N,2026-09-27
C187-Great America Towing LLC,916115,916115,7870299,2026-07-09,2026-07-11,N/A,Totally satisfied,Totally satisfied,Totally satisfied,Totally satisfied,Light,B1,N,2026-09-27
C187-Great America Towing LLC,991340,Jesse Cavazos,7875995,2026-07-10,2026-07-14,N/A,Totally satisfied,Totally satisfied,Totally satisfied,Totally satisfied,Light,P1,N,2026-09-27
C187-Great America Towing LLC,921262,921262,7879489,2026-07-10,2026-07-11,Should also provide a number for the driver coming to help me,Totally satisfied,Totally satisfied,Satisfied,Satisfied,Light,P1,N,2026-09-27
C187-Great America Towing LLC,912967,Mark  Duncan,7883537,2026-07-11,2026-07-17,All it’s ok thanks,Totally satisfied,Totally satisfied,Totally satisfied,Totally satisfied,Tow,P1,N,2026-09-27
C187-Great America Towing LLC,916115,916115,7898713,2026-07-12,2026-07-16,Smooth very helpful very cool and great communication since of humor efficient,Totally satisfied,Totally satisfied,Totally satisfied,Totally satisfied,Light,P1,N,2026-09-27
C187-Great America Towing LLC,912967,Mark  Duncan,7898777,2026-07-12,2026-07-13,It was faster than the last few tows I have used the driver was the best fast super nice guy general with my car he was great the last tow I had on my Camaro was a disaster I sent my 150000 dollar car to a shop I made sure the day before I filled the car up with gas because it was going to get dyno tuned my gas gauge was off so when the car said 1/4 tank it was empty so a driver picked up the car and left 1 1/2 hours later he called me to tell me he was getting gas and would be on his way I asked who the hell are you he said the person who picked up the car was off so he stoped by the yard and he took the car from there it gets to the dyno shop the guy start to tune the car and it’s running like shit the gas gauge was on 1/4 tank no gas wtf I filled it the day before kind of funny for the driver to call me and tell me he was getting gas bullshit they stole my gas hands down,Totally satisfied,Totally satisfied,Totally satisfied,Totally satisfied,Tow,P1,N,2026-09-27
C187-Great America Towing LLC,903978,903978,7899003,2026-07-12,2026-07-13,Very good,Totally satisfied,Totally satisfied,Totally satisfied,Totally satisfied,Tow,P1,N,2026-09-27
C187-Great America Towing LLC,921410,921410,7905212,2026-07-13,2026-07-14,Quick and responsive.,Totally satisfied,Totally satisfied,Totally satisfied,Totally satisfied,Tow,P1,N,2026-09-27
C187-Great America Towing LLC,916115,916115,7907311,2026-07-13,2026-07-14,Great service. I an happy.,Totally satisfied,Totally satisfied,Totally satisfied,Totally satisfied,Light,B1,N,2026-09-27
C187-Great America Towing LLC,903978,903978,7908446,2026-07-13,2026-07-15,It was great The driver was amazing,Totally satisfied,Totally satisfied,Totally satisfied,Totally satisfied,Tow,P1,N,2026-09-27
C187-Great America Towing LLC,921555,921555,7909083,2026-07-13,2026-07-14,N/A,Totally satisfied,Totally satisfied,Totally satisfied,Totally satisfied,Light,P1,N,2026-09-27
C187-Great America Towing LLC,N/A,N/A,7910642,2026-07-13,2026-07-17,N/A,Totally satisfied,N/A,N/A,N/A,Tow,XX,Y,2026-09-27
C187-Great America Towing LLC,916115,916115,7911471,2026-07-14,2026-07-14,N/A,Totally satisfied,Totally satisfied,Totally satisfied,Totally satisfied,Light,B1,N,2026-09-27
C187-Great America Towing LLC,916115,916115,7911683,2026-07-14,2026-07-14,N/A,Totally satisfied,Totally satisfied,Totally satisfied,Totally satisfied,Light,P1,N,2026-09-27
C187-Great America Towing LLC,991238,Angel Jimenez-Mendoza,7911785,2026-07-14,2026-07-14,Give me peace in mind,Totally satisfied,Totally satisfied,Satisfied,Totally satisfied,Light,P1,N,2026-09-27
C187-Great America Towing LLC,916032,916032,7920684,2026-07-14,2026-07-15,Verry prompt Curtis and polite,Totally satisfied,Totally satisfied,Totally satisfied,Totally satisfied,Tow,P1,N,2026-09-27
C187-Great America Towing LLC,912967,Mark  Duncan,7921882,2026-07-14,2026-07-20,Had a power steering line rupture on my truck. Couldn’t steer very well safe thing to do was to call for a tow. Mark did a great job of loading my truck and making me comfortable at a time when I was in need. I cannot say enough about the entire AAA experience. Extremely satisfied.,Totally satisfied,Totally satisfied,Totally satisfied,Totally satisfied,Tow,P1,N,2026-09-27
C187-Great America Towing LLC,916032,916032,7922761,2026-07-15,2026-07-15,The driver was courteous and helpful.,Totally satisfied,Totally satisfied,Totally satisfied,Totally satisfied,Tow,P1,N,2026-09-27
C187-Great America Towing LLC,916032,916032,7923751,2026-07-15,2026-07-15,Im using AAA again today maybe...,Totally satisfied,Totally satisfied,Totally satisfied,Totally satisfied,Tow,P1,N,2026-09-27
C187-Great America Towing LLC,903978,903978,7926145,2026-07-15,2026-07-16,Driver was friendly and funny. Great customer service!,Totally satisfied,Totally satisfied,Totally satisfied,Totally satisfied,Tow,P1,N,2026-09-27
C187-Great America Towing LLC,911001,Steven Smolt,7927414,2026-07-15,2026-07-19,N/A,Totally satisfied,Totally satisfied,Totally satisfied,Totally satisfied,Tow,P1,N,2026-09-27
C187-Great America Towing LLC,912967,Mark  Duncan,7931570,2026-07-15,2026-07-19,"Mark, the tow truck driver, was very professional and efficient.",Totally satisfied,Totally satisfied,Totally satisfied,Totally satisfied,Tow,P1,N,2026-09-27
C187-Great America Towing LLC,916115,916115,7931898,2026-07-15,2026-07-21,Excellent,Totally satisfied,Totally satisfied,Totally satisfied,Totally satisfied,Light,P3,N,2026-09-27
C187-Great America Towing LLC,916115,916115,7933531,2026-07-16,2026-07-16,The driver was great. He was so kind and helpful. Really great guy.,Totally satisfied,Totally satisfied,Totally satisfied,Totally satisfied,Light,P1,N,2026-09-27
C187-Great America Towing LLC,DLY,DLY,7938855,2026-07-16,2026-07-23,N/a,Totally satisfied,Totally satisfied,Satisfied,Totally satisfied,Tow,P1,N,2026-09-27
C187-Great America Towing LLC,921410,921410,7946195,2026-07-17,2026-07-18,Great overall and fast,Totally satisfied,Totally satisfied,Totally satisfied,Totally satisfied,Tow,P1,N,2026-09-27
C187-Great America Towing LLC,912967,Mark  Duncan,7952730,2026-07-17,2026-07-18,"Our driver was far more than fantastic, he went above and beyond multiple times and deserves some major recognition for how well he did his job. He alone is the reason this experience was good.",Totally satisfied,Totally satisfied,Totally satisfied,Totally satisfied,Tow,P1,N,2026-09-27
C187-Great America Towing LLC,920907,920907,7954103,2026-07-18,2026-07-18,"Michael was very knowledgeable, prompt, professional and friendly. We highly recommend him as a service technician.",Totally satisfied,Totally satisfied,Totally satisfied,Totally satisfied,Light,P1,N,2026-09-27
C187-Great America Towing LLC,920907,920907,7963019,2026-07-19,2026-07-19,N/A,Totally satisfied,Totally satisfied,Totally satisfied,Totally satisfied,Light,P1,N,2026-09-27
C187-Great America Towing LLC,916115,916115,7966279,2026-07-19,2026-07-20,The service driver was very friendly and gave full explanation. He is great!,Totally satisfied,Totally satisfied,Totally satisfied,Totally satisfied,Light,P1,N,2026-09-27
C187-Great America Towing LLC,918922,918922,7966412,2026-07-19,2026-07-23,N/A,Satisfied,Satisfied,Satisfied,Satisfied,Tow,P1,N,2026-09-27
C187-Great America Towing LLC,916032,916032,7967933,2026-07-19,2026-07-23,N/A,Satisfied,Satisfied,Satisfied,Satisfied,Tow,P1,N,2026-09-27
C187-Great America Towing LLC,921410,921410,7975091,2026-07-20,2026-07-21,N/A,Totally satisfied,Totally satisfied,Totally satisfied,Totally satisfied,Tow,P1,N,2026-09-27
C187-Great America Towing LLC,903978,903978,7975761,2026-07-20,2026-07-24,The tow truck driver was wonderful,Totally satisfied,Totally satisfied,Totally satisfied,Totally satisfied,Tow,P1,N,2026-09-27
C187-Great America Towing LLC,911001,Steven Smolt,7980319,2026-07-20,2026-07-24,I am very satisfied how fast the service was provided. The staff and driver are all nice and helpful.,Totally satisfied,Totally satisfied,Totally satisfied,Totally satisfied,Tow,P1,N,2026-09-27
C187-Great America Towing LLC,916115,916115,7983053,2026-07-21,2026-07-21,N/A,Totally satisfied,Totally satisfied,Totally satisfied,Totally satisfied,Light,P1,N,2026-09-27
C187-Great America Towing LLC,991340,Jesse Cavazos,7986464,2026-07-21,2026-07-22,N/A,Totally satisfied,Totally satisfied,Totally satisfied,Satisfied,Light,P1,N,2026-09-27
C187-Great America Towing LLC,AAA,AAA,7990492,2026-07-21,2026-07-27,N/A,Dissatisfied,N/A,N/A,N/A,Tow,P1,N,2026-09-27
C187-Great America Towing LLC,991340,Jesse Cavazos,7996044,2026-07-22,2026-07-27,N/A,Totally satisfied,Totally satisfied,Totally satisfied,Totally satisfied,Light,P1,N,2026-09-27
C187-Great America Towing LLC,921555,921555,7997180,2026-07-22,2026-07-26,N/A,Totally satisfied,Totally satisfied,Totally satisfied,Totally satisfied,Light,P1,N,2026-09-27
C187-Great America Towing LLC,921555,921555,7997492,2026-07-22,2026-07-23,"After my request from the app I receive a call telling me need to pay over $150 for the service recommend me to go to a place where I didn't want to, the person denied the service and cancel my request.",Totally dissatisfied,N/A,N/A,N/A,Tow,XX,Y,2026-09-27
C187-Great America Towing LLC,991340,Jesse Cavazos,7999299,2026-07-22,2026-07-26,EXCELLENT,Totally satisfied,Totally satisfied,Totally satisfied,Totally satisfied,Light,B1,N,2026-09-27
C187-Great America Towing LLC,917424,917424,8001631,2026-07-22,2026-07-23,"Took so long to dispatch service. Additionally, AAA called me twice to confirm my membership and name. However, they were getting a different membership number and/or name. I don’t understand what happened there and they couldn’t explain to me either.",Dissatisfied,Satisfied,Totally dissatisfied,Neither satisfied nor dissatisfied,Tow,P1,N,2026-09-27
C187-Great America Towing LLC,921262,921262,8001996,2026-07-22,2026-07-23,N/A,Totally satisfied,Totally satisfied,Totally satisfied,Satisfied,Light,P1,N,2026-09-27
C187-Great America Towing LLC,921555,921555,8002031,2026-07-22,2026-07-23,N/A,Totally satisfied,Totally satisfied,Totally satisfied,Totally satisfied,Light,P1,N,2026-09-27
C187-Great America Towing LLC,911001,Steven Smolt,8003953,2026-07-23,2026-07-23,"It initially took me 45 minutes to be assigned a truck, which was fine, but that truck could not assist with my specific issue unfortunately. I was then supposedly reassigned a new truck immediately, but 90 minutes later I still had no driver. Once I followed up with a phone call and actually got through to a person, they told me the driver was on the way. I think they actually assigned me a completely new driver given someone with a different name showed up 15 minutes later. I had no issues with Tomas as he was really nice and helpful. But I am not impressed by the response time or communication I received.",Dissatisfied,Totally satisfied,Totally dissatisfied,Dissatisfied,Tow,P1,N,2026-09-27
C187-Great America Towing LLC,911001,Steven Smolt,8004958,2026-07-23,2026-07-24,N/A,Satisfied,Satisfied,Satisfied,Satisfied,Tow,P1,N,2026-09-27
C187-Great America Towing LLC,921555,921555,8011061,2026-07-23,2026-07-24,My roadside person that came to help was amazing. I was so stressed and he got it done. Thank you.,Totally satisfied,Totally satisfied,Totally satisfied,Totally satisfied,Light,P1,N,2026-09-27
C187-Great America Towing LLC,903978,903978,8011203,2026-07-23,2026-07-24,N/A,Totally satisfied,Totally satisfied,Totally satisfied,Totally satisfied,Tow,P1,N,2026-09-27
C187-Great America Towing LLC,916511,916511,8017045,2026-07-24,2026-07-25,N/A,Totally satisfied,Totally satisfied,Totally satisfied,Totally satisfied,Light,P1,N,2026-09-27
C187-Great America Towing LLC,918922,918922,8018810,2026-07-24,2026-07-25,N/A,Totally satisfied,Totally satisfied,Totally satisfied,Totally satisfied,Tow,P1,N,2026-09-27
C187-Great America Towing LLC,916511,916511,8019399,2026-07-24,2026-07-25,N/A,Totally satisfied,Totally satisfied,Satisfied,Satisfied,Tow,P1,N,2026-09-27
C187-Great America Towing LLC,916032,916032,8025773,2026-07-25,2026-07-28,Antonio was a great help.,Totally satisfied,Totally satisfied,Satisfied,Satisfied,Tow,P1,N,2026-09-27
C187-Great America Towing LLC,912967,Mark  Duncan,8030309,2026-07-25,2026-07-26,Driver 696 the best,Totally satisfied,Totally satisfied,Totally satisfied,Totally satisfied,Tow,P1,N,2026-09-27
C187-Great America Towing LLC,921555,921555,8030700,2026-07-25,2026-07-26,N/A,Totally satisfied,Totally satisfied,Totally satisfied,Totally satisfied,Light,P1,N,2026-09-27
C187-Great America Towing LLC,921262,921262,8035514,2026-07-26,2026-07-27,Driver was very courteous and professional.  He helped pull the spare that was stuck under the vehicle.  Driver arrived quickly and handled the flat tire repair effectively and efficiently.  Very high marks for the driver.,Totally satisfied,Totally satisfied,Totally satisfied,Totally satisfied,Light,P1,N,2026-09-27
C187-Great America Towing LLC,916115,916115,8039357,2026-07-26,2026-07-30,N/A,Totally satisfied,Totally satisfied,Totally satisfied,Totally satisfied,Light,P1,N,2026-09-27
C187-Great America Towing LLC,916115,916115,8040090,2026-07-26,2026-07-30,"Driver was prompt, knowledgeable, helpful. Texts were frequent and accurate.  Excellent service",Totally satisfied,Satisfied,Totally satisfied,Totally satisfied,Light,P1,N,2026-09-27
C187-Great America Towing LLC,903978,903978,8045428,2026-07-27,2026-07-29,N/A,Totally satisfied,Totally satisfied,Totally satisfied,Totally satisfied,Tow,P1,N,2026-09-27
C187-Great America Towing LLC,916115,916115,8049981,2026-07-27,2026-07-28,Very friendly  technician.  Very knowledgeable.,Totally satisfied,Totally satisfied,Totally satisfied,Totally satisfied,Light,B1,N,2026-09-27
C187-Great America Towing LLC,922996,922996,8051011,2026-07-27,2026-07-31,"Aldo was absolutely fantastic. Knowledgeable, friendly and polite. First class service!",Totally satisfied,Totally satisfied,Totally satisfied,Totally satisfied,Light,B6,N,2026-09-27
C187-Great America Towing LLC,991238,Angel Jimenez-Mendoza,8055579,2026-07-28,2026-08-03,N/A,Totally satisfied,Totally satisfied,Totally satisfied,Totally satisfied,Light,P1,N,2026-09-27
C187-Great America Towing LLC,991238,Angel Jimenez-Mendoza,8056278,2026-07-28,2026-07-31,N/A,Totally satisfied,Totally satisfied,Totally satisfied,Totally satisfied,Light,B6,N,2026-09-27
C187-Great America Towing LLC,916511,916511,8058234,2026-07-28,2026-07-29,Okay when need it,Satisfied,Totally satisfied,Totally satisfied,Totally satisfied,Tow,P1,N,2026-09-27
C187-Great America Towing LLC,916115,916115,8061956,2026-07-28,2026-07-29,N/A,Totally satisfied,Totally satisfied,Totally satisfied,Totally satisfied,Light,P1,N,2026-09-27
C187-Great America Towing LLC,903978,903978,8064251,2026-07-28,2026-08-01,N/A,Totally satisfied,Satisfied,Totally satisfied,Totally satisfied,Tow,P1,N,2026-09-27
C187-Great America Towing LLC,991340,Jesse Cavazos,8070404,2026-07-29,2026-07-30,Just wait the too long,Totally satisfied,Totally satisfied,Totally satisfied,Totally satisfied,Light,P1,N,2026-09-27
C187-Great America Towing LLC,921555,921555,8075993,2026-07-29,2026-07-30,FELIPE WAS VERY HELPFUL!!!,Totally satisfied,Totally satisfied,Totally satisfied,Totally satisfied,Light,P1,N,2026-09-27
C187-Great America Towing LLC,921262,921262,8077224,2026-07-30,2026-07-30,Dennis is a great guy who helped me with the battery issue. Really appreciated his service.,Totally satisfied,Totally satisfied,Totally satisfied,Totally satisfied,Light,B6,N,2026-09-27
C187-Great America Towing LLC,916115,916115,8078172,2026-07-30,2026-07-30,Coyer was wonderful and worked efficiently to replace my flat tire with a spare. He was very friendly and kind.,Totally satisfied,Totally satisfied,Totally satisfied,Totally satisfied,Light,P1,N,2026-09-27
C187-Great America Towing LLC,921262,921262,8078610,2026-07-30,2026-07-31,Driver came even earlier than expected!,Totally satisfied,Totally satisfied,Totally satisfied,Totally satisfied,Light,P1,N,2026-09-27
C187-Great America Towing LLC,991340,Jesse Cavazos,8079558,2026-07-30,2026-07-31,N/A,Totally satisfied,N/A,N/A,N/A,Light,B1,N,2026-09-27
C187-Great America Towing LLC,916115,916115,8080482,2026-07-30,2026-07-31,"Driver showed me on a meter how my charging system, battery voltage, and alternator was capacity. Advised me to getca recharge. Thx",Totally satisfied,Totally satisfied,Totally satisfied,Totally satisfied,Light,P1,N,2026-09-27
C187-Great America Towing LLC,916511,916511,8083865,2026-07-30,2026-07-31,Carlos the driver was very helpful and courteous.,Totally satisfied,Totally satisfied,Totally satisfied,Totally satisfied,Tow,P1,N,2026-09-27
C187-Great America Towing LLC,916032,916032,8084928,2026-07-30,2026-07-31,My driver Antonio was awesome. He is a reason that I would reconsider keeping my membership.,Totally satisfied,Totally satisfied,Satisfied,Satisfied,Tow,P1,N,2026-09-27
C187-Great America Towing LLC,918208,918208,8086445,2026-07-30,2026-07-31,"Took two hours to get a tow, I am 80 years old and have been a member for 54 years, can’t believe you guys would do this to an 80 year old person, I was waiting in the sun for 2 hours with nothing to drink !!",Totally dissatisfied,Neither satisfied nor dissatisfied,Totally dissatisfied,Neither satisfied nor dissatisfied,Tow,P1,N,2026-09-27
C187-Great America Towing LLC,921555,921555,8086710,2026-07-30,2026-07-31,N/A,Totally satisfied,Totally satisfied,Totally satisfied,Totally satisfied,Light,P1,N,2026-09-27
C187-Great America Towing LLC,921555,921555,8087221,2026-07-30,2026-07-31,N/A,Totally satisfied,Totally satisfied,Totally satisfied,Totally satisfied,Light,P1,N,2026-09-27
C187-Great America Towing LLC,991340,Jesse Cavazos,8090686,2026-07-31,2026-08-04,N/A,Totally satisfied,Totally satisfied,Totally satisfied,Totally satisfied,Light,P1,N,2026-09-27
C187-Great America Towing LLC,991340,Jesse Cavazos,8094603,2026-07-31,2026-08-01,Very pleasant and knowledgeable person,Totally satisfied,Totally satisfied,Totally satisfied,Totally satisfied,Light,B1,N,2026-09-27
C187-Great America Towing LLC,916032,916032,8095413,2026-07-31,2026-08-01,N/A,Totally satisfied,Totally satisfied,Totally satisfied,Totally satisfied,Tow,P1,N,2026-09-27
C187-Great America Towing LLC,921555,921555,8106098,2026-08-01,2026-08-04,N/A,Totally satisfied,Totally satisfied,Totally satisfied,Totally satisfied,Light,P1,N,2026-09-27
C187-Great America Towing LLC,921262,921262,8109216,2026-08-02,2026-08-02,"Thank you, Dennis!",Totally satisfied,Totally satisfied,Totally satisfied,Totally satisfied,Light,P1,N,2026-09-27
C187-Great America Towing LLC,912967,Mark  Duncan,8110988,2026-08-02,2026-08-02,N/A,Totally satisfied,N/A,N/A,N/A,Light,P1,N,2026-09-27
C187-Great America Towing LLC,991238,Angel Jimenez-Mendoza,8114224,2026-08-02,2026-08-06,N/A,Totally satisfied,Totally satisfied,Totally satisfied,Totally satisfied,Light,B6,N,2026-09-27
C187-Great America Towing LLC,991238,Angel Jimenez-Mendoza,8114819,2026-08-02,2026-08-04,Amazing service. Fast and professional.,Totally satisfied,Totally satisfied,Totally satisfied,Totally satisfied,Light,B1,N,2026-09-27
C187-Great America Towing LLC,921106,921106,8118102,2026-08-03,2026-08-06,The wait time was extremely to long waiting to get a driver assigned. Once finally assigned took almost another hour,Satisfied,Satisfied,Dissatisfied,Satisfied,Tow,P1,N,2026-09-27
C187-Great America Towing LLC,918208,918208,8118547,2026-08-03,2026-08-03,N/A,Totally satisfied,N/A,N/A,N/A,Tow,P1,N,2026-09-27
C187-Great America Towing LLC,921106,921106,8119533,2026-08-03,2026-08-07,N/A,Totally satisfied,N/A,N/A,N/A,Light,XX,Y,2026-09-27
C187-Great America Towing LLC,991238,Angel Jimenez-Mendoza,8128509,2026-08-03,2026-08-04,N/A,Totally satisfied,N/A,N/A,N/A,Light,XX,Y,2026-09-27
C187-Great America Towing LLC,917424,917424,8130132,2026-08-03,2026-08-07,N/A,Totally satisfied,Totally satisfied,Totally satisfied,Totally satisfied,Tow,P1,N,2026-09-27
C187-Great America Towing LLC,916115,916115,8131567,2026-08-04,2026-08-05,N/A,Totally satisfied,N/A,N/A,N/A,Light,XX,Y,2026-09-27
C187-Great America Towing LLC,916115,916115,8132063,2026-08-04,2026-08-04,N/A,Totally satisfied,Totally satisfied,Totally satisfied,Totally satisfied,Light,P1,N,2026-09-27
C187-Great America Towing LLC,991340,Jesse Cavazos,8134609,2026-08-04,2026-08-05,App is not user friendly if membership number has been  changed,Totally satisfied,Totally satisfied,Satisfied,Satisfied,Light,P1,N,2026-09-27
C187-Great America Towing LLC,916115,916115,8138974,2026-08-04,2026-08-05,Dude was great and superb,Totally satisfied,Totally satisfied,Totally satisfied,Totally satisfied,Light,P1,N,2026-09-27
C187-Great America Towing LLC,921555,921555,8139438,2026-08-04,2026-08-05,Good services.,Satisfied,Satisfied,Satisfied,Satisfied,Light,P1,N,2026-09-27
C187-Great America Towing LLC,921555,921555,8139803,2026-08-04,2026-08-06,Very smooth process from beginning to end. Also very convenient.,Totally satisfied,Totally satisfied,Totally satisfied,Totally satisfied,Light,B1,N,2026-09-27
C187-Great America Towing LLC,921106,921106,8145073,2026-08-05,2026-08-09,N/A,Satisfied,N/A,N/A,N/A,Tow,P1,N,2026-09-27
C187-Great America Towing LLC,916511,916511,8145450,2026-08-05,2026-08-06,Great service. Thank you!,Totally satisfied,Totally satisfied,Totally satisfied,Totally satisfied,Tow,P1,N,2026-09-27
C187-Great America Towing LLC,904155,Ernest Teschera,8152647,2026-08-05,2026-08-06,I was left waiting for 2 hours with no update on when the tow truck will arrive . Even after a driver was assigned and said he would be there by 5 minutes it took the driver 45 minutes to show up . I got dropped off at 7.15 while the original call telling me to be with my car was at 3.45pm  This is unacceptable- when we pay for the service the least expectation is timely update and reasonable time of service,Dissatisfied,Totally satisfied,Totally dissatisfied,Totally dissatisfied,Tow,P1,N,2026-09-27
C187-Great America Towing LLC,916115,916115,8152936,2026-08-05,2026-08-06,Expelen service,Totally satisfied,Totally satisfied,Neither satisfied nor dissatisfied,Satisfied,Light,P1,N,2026-09-27
C187-Great America Towing LLC,921262,921262,8153437,2026-08-05,2026-08-09,"The AAA call and on-line form was very fast and easy. Dennis is very knowledgeable and dependable. He replaced the battery, and emailed me the documents too! I love the peace of mind AAA membership brings for keeping my car going.",Totally satisfied,Totally satisfied,Totally satisfied,Totally satisfied,Light,B1,N,2026-09-27
C187-Great America Towing LLC,921410,921410,8158694,2026-08-06,2026-08-07,N/A,Totally satisfied,Totally satisfied,Satisfied,Totally satisfied,Tow,P1,N,2026-09-27
C187-Great America Towing LLC,916115,916115,8160135,2026-08-06,2026-08-07,"The battery service tech Coyer, was very professional and knowledgeable.  Very happy with his tech skills.  Replaced battery with the proper size very quickly.",Totally satisfied,Totally satisfied,Totally satisfied,Totally satisfied,Light,B1,N,2026-09-27
C187-Great America Towing LLC,912967,Mark  Duncan,8165341,2026-08-07,2026-08-10,N/A,Totally satisfied,Totally satisfied,Neither satisfied nor dissatisfied,Satisfied,Tow,P1,N,2026-09-27
C187-Great America Towing LLC,922344,922344,8165995,2026-08-07,2026-08-07,Took a while to get a driver assigned. Should be given an option to speak with a representative or use the website form to start the process.,Satisfied,Totally satisfied,Satisfied,Totally satisfied,Tow,P1,N,2026-09-27
C187-Great America Towing LLC,918922,918922,8169723,2026-08-07,2026-08-08,Driver arrived very soon and is very courteous and professional.  He took care of my new car extremely carefully and efficiently.  Much appreciated his help!,Totally satisfied,Totally satisfied,Totally satisfied,Totally satisfied,Tow,P1,N,2026-09-27
C187-Great America Towing LLC,916032,916032,8173430,2026-08-07,2026-08-08,I was reassigned drivers 3 times without notice.,Satisfied,Totally satisfied,Satisfied,Totally dissatisfied,Tow,P1,N,2026-09-27
C187-Great America Towing LLC,991238,Angel Jimenez-Mendoza,8173585,2026-08-07,2026-08-11,N/A,Totally satisfied,Totally satisfied,Totally satisfied,Totally satisfied,Light,P1,N,2026-09-27
C187-Great America Towing LLC,921410,921410,8174294,2026-08-07,2026-08-10,It was the best,Totally satisfied,Totally satisfied,Totally satisfied,Totally satisfied,Tow,P1,N,2026-09-27
C187-Great America Towing LLC,916032,916032,8176291,2026-08-08,2026-08-08,N/A,Totally satisfied,Totally satisfied,Totally satisfied,Totally satisfied,Tow,P1,N,2026-09-27
C187-Great America Towing LLC,916032,916032,8177618,2026-08-08,2026-08-08,"Very friendly, helpful, and courteous of time. They came right away!",Totally satisfied,Totally satisfied,Totally satisfied,Totally satisfied,Tow,P1,N,2026-09-27
C187-Great America Towing LLC,991340,Jesse Cavazos,8180261,2026-08-08,2026-08-12,N/A,Totally satisfied,N/A,Satisfied,N/A,Light,B6,N,2026-09-27
C187-Great America Towing LLC,916032,916032,8184449,2026-08-08,2026-08-10,Over heat,Totally satisfied,Totally satisfied,Totally satisfied,Totally satisfied,Tow,P1,N,2026-09-27
C187-Great America Towing LLC,916115,916115,8189911,2026-08-09,2026-08-10,The driver Coyer was great.,Totally satisfied,Totally satisfied,Totally satisfied,Totally satisfied,Light,P1,N,2026-09-27
C187-Great America Towing LLC,919377,919377,8190153,2026-08-09,2026-08-13,"The driver was amazing, the only issue is having to wait over an hour for him to arrive",Satisfied,Totally satisfied,Neither satisfied nor dissatisfied,Totally satisfied,Light,B1,N,2026-09-27
C187-Great America Towing LLC,916115,916115,8190309,2026-08-09,2026-08-10,Good and experienced.,Totally satisfied,Totally satisfied,Totally satisfied,Totally satisfied,Light,P1,N,2026-09-27
C187-Great America Towing LLC,916032,916032,8191642,2026-08-09,2026-08-10,N/A,Totally satisfied,Totally satisfied,Totally satisfied,Totally satisfied,Light,P1,N,2026-09-27
C187-Great America Towing LLC,921410,921410,8197462,2026-08-10,2026-08-11,Fantastic service,Totally satisfied,Totally satisfied,Totally satisfied,Totally satisfied,Tow,P1,N,2026-09-27
C187-Great America Towing LLC,921410,921410,8199254,2026-08-10,2026-08-11,N/A,Totally satisfied,Totally satisfied,Totally satisfied,Totally satisfied,Tow,P1,N,2026-09-27
C187-Great America Towing LLC,921555,921555,8200555,2026-08-10,2026-08-11,N/A,Totally satisfied,Totally satisfied,Totally satisfied,Totally satisfied,Light,P1,N,2026-09-27
C187-Great America Towing LLC,918922,918922,8200957,2026-08-10,2026-08-11,N/A,Totally satisfied,Totally satisfied,Totally satisfied,Totally satisfied,Light,P1,N,2026-09-27
C187-Great America Towing LLC,918922,918922,8201287,2026-08-10,2026-08-11,N/A,Totally satisfied,Totally satisfied,Totally satisfied,Totally satisfied,Light,P1,N,2026-09-27
C187-Great America Towing LLC,921555,921555,8201957,2026-08-10,2026-08-11,Exceĺlent job to all .  Timely manner and great customer service.,Totally satisfied,Totally satisfied,Totally satisfied,Totally satisfied,Light,B1,N,2026-09-27
C187-Great America Towing LLC,911001,Steven Smolt,8208969,2026-08-11,2026-08-11,Service driver Steven was great he called me once he was in the area and closer to me. He provided quick and professional servicee being on the section of highway. Overall wait time for arrivel of assistance was shorter then expected. Thanks AAA,Totally satisfied,Totally satisfied,Totally satisfied,Totally satisfied,Light,P1,N,2026-09-27
C187-Great America Towing LLC,921410,921410,8214873,2026-08-11,2026-08-15,"Very easy, did not wait long the tow truck is available right away within 20 minutes. The driver was very nice and respectful. Highly recommended.",Totally satisfied,Totally satisfied,Totally satisfied,Totally satisfied,Tow,P1,N,2026-09-27
C187-Great America Towing LLC,916115,916115,8216305,2026-08-11,2026-08-15,My service gentleman was Corey and he was polite and very helpful.. I keep AAA as my don’t leave home without it motto since 1996 👍🏻 started my kids off with it when they started driving .. Best money spent 👍🏻,Totally satisfied,Totally satisfied,Neither satisfied nor dissatisfied,Satisfied,Light,P1,N,2026-09-27
C187-Great America Towing LLC,918922,918922,8217058,2026-08-11,2026-08-12,N/A,Totally satisfied,Totally satisfied,Totally satisfied,Totally satisfied,Tow,P1,N,2026-09-27
C187-Great America Towing LLC,911001,Steven Smolt,8217340,2026-08-11,2026-08-12,N/A,Totally satisfied,Totally satisfied,Totally satisfied,Totally satisfied,Tow,P1,N,2026-09-27
C187-Great America Towing LLC,916032,916032,8224055,2026-08-12,2026-08-13,"It was great service , the driver was very nice he got here and jumped rite to it. No problems , he kno exactly what to do and he got it sone. Over all very satifyed with AAA AND THERE DRIVER¹SERVICE WAS GREAT",Totally satisfied,Satisfied,Totally satisfied,Satisfied,Tow,P2,N,2026-09-27
C187-Great America Towing LLC,921410,921410,8226893,2026-08-12,2026-08-14,"The driver who came to tow my car was absolutely terrific, every step of the way.",Totally satisfied,Totally satisfied,Totally satisfied,Totally satisfied,Tow,P1,N,2026-09-27
C187-Great America Towing LLC,921555,921555,8229269,2026-08-12,2026-08-13,I’m satisfied with the person who came to help me.. Thank you,Totally satisfied,Totally satisfied,Totally satisfied,Totally satisfied,Light,P1,N,2026-09-27
C187-Great America Towing LLC,921262,921262,8229913,2026-08-12,2026-08-13,I’m very comfortable with AAA,Totally satisfied,Totally satisfied,Totally satisfied,Totally satisfied,Light,P1,N,2026-09-27
C187-Great America Towing LLC,991340,Jesse Cavazos,8234141,2026-08-13,2026-08-18,Great excellent service,Totally satisfied,Totally satisfied,Totally satisfied,Totally satisfied,Light,P1,N,2026-09-27
C187-Great America Towing LLC,904848,Pio Artadi,8238623,2026-08-13,2026-08-14,"Driver named Pio was polite, efficient and capable. My vehicle was inoperable so he towed me to the Ford dealership on Capitol Avenue Auto Row for repair services which was near my home in San Jose, CA. I was extremely pleased with his service. I hope that all drivers for AAA are as kind as he is.",Totally satisfied,Totally satisfied,Totally satisfied,Totally satisfied,Tow,P1,N,2026-09-27
C187-Great America Towing LLC,912967,Mark  Duncan,8242992,2026-08-14,2026-08-14,N/A,Totally satisfied,N/A,N/A,N/A,Tow,XX,Y,2026-09-27
C187-Great America Towing LLC,921106,921106,8256128,2026-08-15,2026-08-16,This my 2nd time every time my suv got trouble and I can’t drive to dealer it’s show of my dashboard not to drive it I’m very satisfied coz they help me a lot to bring my suv to the dealer that’s why I see to it that my aaa card is always active .,Totally satisfied,Totally satisfied,Totally satisfied,Totally satisfied,Tow,P1,N,2026-09-27
C187-Great America Towing LLC,921555,921555,8259153,2026-08-15,2026-08-19,N/A,Totally satisfied,Totally satisfied,Totally satisfied,Totally satisfied,Light,P1,N,2026-09-27
C187-Great America Towing LLC,916115,916115,8266459,2026-08-16,2026-08-17,N/A,Totally satisfied,Totally satisfied,Satisfied,Satisfied,Light,P1,N,2026-09-27
C187-Great America Towing LLC,916115,916115,8267137,2026-08-16,2026-08-17,N/A,Totally satisfied,Totally satisfied,Totally satisfied,Totally satisfied,Light,P1,N,2026-09-27
C187-Great America Towing LLC,916115,916115,8267474,2026-08-16,2026-08-20,Helpful and kind,Totally satisfied,Totally satisfied,Totally satisfied,Totally satisfied,Light,P1,N,2026-09-27
C187-Great America Towing LLC,921555,921555,8278903,2026-08-17,2026-08-18,Thanks👍🏾,Satisfied,Totally satisfied,Neither satisfied nor dissatisfied,Satisfied,Light,B6,N,2026-09-27
C187-Great America Towing LLC,925035,925035,8292652,2026-08-18,2026-08-19,Very helpful,Totally satisfied,Totally satisfied,Totally satisfied,Totally satisfied,Light,B6,N,2026-09-27
C187-Great America Towing LLC,917424,917424,8292981,2026-08-18,2026-08-19,N/A,Totally satisfied,Totally satisfied,Totally satisfied,Totally satisfied,Light,P1,N,2026-09-27
C187-Great America Towing LLC,921410,921410,8298488,2026-08-19,2026-08-24,"The driver was professional. He loaded up the car quickly, and he unloaded the car quickly, his expertise is obvious.",Totally satisfied,Totally satisfied,Totally satisfied,Totally satisfied,Tow,P1,N,2026-09-27
C187-Great America Towing LLC,904848,Pio Artadi,8298720,2026-08-19,2026-08-20,N/A,Totally satisfied,Satisfied,Satisfied,Totally satisfied,Tow,P1,N,2026-09-27
C187-Great America Towing LLC,921410,921410,8301556,2026-08-19,2026-08-20,N/A,Totally satisfied,Totally satisfied,Totally satisfied,Totally satisfied,Tow,P1,N,2026-09-27
C187-Great America Towing LLC,911254,Marcus Hernandez,8306496,2026-08-20,2026-08-20,Very satisfied knowing that there’s someone you can depend on incase of emergencies.  Thanks.,Totally satisfied,Totally satisfied,Satisfied,Satisfied,Tow,P1,N,2026-09-27
C187-Great America Towing LLC,921106,921106,8306771,2026-08-20,2026-08-24,N/A,Totally satisfied,N/A,Satisfied,Satisfied,Light,P1,N,2026-09-27
C187-Great America Towing LLC,991340,Jesse Cavazos,8309914,2026-08-20,2026-08-21,N/A,Totally satisfied,Totally satisfied,Totally satisfied,Totally satisfied,Light,P1,N,2026-09-27
C187-Great America Towing LLC,903978,903978,8310803,2026-08-20,2026-08-21,N/A,Totally satisfied,Totally satisfied,Totally satisfied,Totally satisfied,Tow,P1,N,2026-09-27
C187-Great America Towing LLC,923580,923580,8311926,2026-08-20,2026-08-21,"The driver was professional, pleasant and very nice.",Totally satisfied,Totally satisfied,Totally satisfied,Totally satisfied,Tow,P1,N,2026-09-27
C187-Great America Towing LLC,918208,918208,8313973,2026-08-20,2026-08-26,N/A,Totally satisfied,Totally satisfied,Totally satisfied,Totally satisfied,Tow,P1,N,2026-09-27
C187-Great America Towing LLC,916115,916115,8314719,2026-08-20,2026-08-24,N/A,Totally satisfied,Totally satisfied,Totally satisfied,Totally satisfied,Light,P1,N,2026-09-27
C187-Great America Towing LLC,991340,Jesse Cavazos,8321654,2026-08-21,2026-08-27,N/A,Totally satisfied,Totally satisfied,Totally satisfied,Totally satisfied,Light,B1,N,2026-09-27
C187-Great America Towing LLC,921555,921555,8324212,2026-08-21,2026-08-22,Driver was super efficient and thorough.,Totally satisfied,Totally satisfied,Totally satisfied,Totally satisfied,Light,B1,N,2026-09-27
C187-Great America Towing LLC,925035,925035,8325805,2026-08-21,2026-08-25,N/A,Totally satisfied,Totally satisfied,Totally satisfied,Totally satisfied,Light,P1,N,2026-09-27
C187-Great America Towing LLC,923580,923580,8326457,2026-08-22,2026-08-25,N/A,Totally satisfied,Totally satisfied,Totally satisfied,Totally satisfied,Tow,P1,N,2026-09-27
C187-Great America Towing LLC,911001,Steven Smolt,8328424,2026-08-22,2026-08-26,N/A,Totally satisfied,Totally satisfied,Satisfied,Totally satisfied,Tow,P1,N,2026-09-27
C187-Great America Towing LLC,918922,918922,8332362,2026-08-22,2026-08-23,"The technician is friendly, helpful, and professional",Totally satisfied,Totally satisfied,Totally satisfied,Totally satisfied,Light,P1,N,2026-09-27
C187-Great America Towing LLC,912967,Mark  Duncan,8336114,2026-08-22,2026-08-23,N/A,Totally satisfied,Totally satisfied,Totally satisfied,Totally satisfied,Tow,P1,N,2026-09-27
C187-Great America Towing LLC,925035,925035,8336982,2026-08-23,2026-08-23,N/A,Totally satisfied,Totally satisfied,Totally satisfied,Totally satisfied,Light,B1,N,2026-09-27
C187-Great America Towing LLC,925035,925035,8342381,2026-08-23,2026-08-24,Quick response.,Totally satisfied,Totally satisfied,Totally satisfied,Totally satisfied,Light,B6,N,2026-09-27
C187-Great America Towing LLC,911001,Steven Smolt,8347858,2026-08-24,2026-08-25,N/A,Neither satisfied nor dissatisfied,N/A,N/A,N/A,Tow,P1,N,2026-09-27
C187-Great America Towing LLC,918922,918922,8351131,2026-08-24,2026-08-25,"Very pleased the driver very pleasant and respectful, explained everything he was d👏🏽😊",Totally satisfied,Totally satisfied,Totally satisfied,Totally satisfied,Tow,P1,N,2026-09-27
C187-Great America Towing LLC,921555,921555,8353281,2026-08-24,2026-08-28,I wish we could talk to a representative more rather than a AI bot. They did have good timing and sever other wise :),Totally satisfied,Totally satisfied,Totally satisfied,Totally satisfied,Light,P1,N,2026-09-27
C187-Great America Towing LLC,918922,918922,8356488,2026-08-24,2026-08-25,I wish there was a modify service request tab rather than having to cancel and reenter a new request when an error in the type of request was made.,Totally satisfied,Totally satisfied,Totally satisfied,Satisfied,Tow,P1,N,2026-09-27
C187-Great America Towing LLC,911001,Steven Smolt,8364711,2026-08-25,2026-08-27,N/A,Totally satisfied,Totally satisfied,Totally satisfied,Totally satisfied,Tow,P1,N,2026-09-27
C187-Great America Towing LLC,921555,921555,8367672,2026-08-25,2026-08-26,I made the call but was not able to use the service,Totally dissatisfied,N/A,N/A,N/A,Light,P1,N,2026-09-27
C187-Great America Towing LLC,916115,916115,8379806,2026-08-27,2026-08-30,Coyer King was on schedule and on time and very helpful with my service requested. Thank You,Totally satisfied,Totally satisfied,Totally satisfied,Totally satisfied,Light,P1,N,2026-09-27
C187-Great America Towing LLC,912967,Mark  Duncan,8380106,2026-08-27,2026-08-27,The wait was a little long before it was dispatched but the driver made up for it by calling and saying I will be right there,Totally satisfied,Totally satisfied,Satisfied,Satisfied,Tow,P1,N,2026-09-27
C187-Great America Towing LLC,921555,921555,8385929,2026-08-27,2026-08-28,Jose was very fast and he was also very polite,Totally satisfied,Totally satisfied,Totally satisfied,Totally satisfied,Light,P1,N,2026-09-27
C187-Great America Towing LLC,916115,916115,8390485,2026-08-28,2026-08-31,"This felt odd....ww called and got an estimate of 45 minutes.  THEN we got a second estimate of 5 minutes and the BATTERIES van showed up and diagnosed the problem. We chose to buy a new battery and got it installed. The van left. About 50 minutes after the original call, we got a call from the tow truck driver that he would arrive soon, and we told him that it had been handled.  It FELT as if the Batteries guy had somehow discovered our original call and swooped in to pirate the job....",Satisfied,Satisfied,Neither satisfied nor dissatisfied,Neither satisfied nor dissatisfied,Light,P2,N,2026-09-27
C187-Great America Towing LLC,AAA,AAA,8391459,2026-08-28,2026-08-28,I didn't get what I was looking for and I don't understand why and I'm still waiting to see how this works out,Neither satisfied nor dissatisfied,N/A,N/A,N/A,Tow,XX,Y,2026-09-27
C187-Great America Towing LLC,921555,921555,8396143,2026-08-28,2026-08-29,Excellent service as usual! Thanks!,Totally satisfied,Totally satisfied,Totally satisfied,Totally satisfied,Light,P1,N,2026-09-27
C187-Great America Towing LLC,916511,916511,8403710,2026-08-29,2026-08-30,Great driver but I get roadside with my insurance so AAA not worth the money,Totally satisfied,Totally satisfied,Satisfied,Totally satisfied,Tow,P1,N,2026-09-27
C187-Great America Towing LLC,911001,Steven Smolt,8414368,2026-08-30,2026-09-03,Fast and easy,Totally satisfied,Totally satisfied,Totally satisfied,Totally satisfied,Light,P1,N,2026-09-27
C187-Great America Towing LLC,912967,Mark  Duncan,8417365,2026-08-30,2026-09-03,N/A,Totally satisfied,Totally satisfied,Dissatisfied,Satisfied,Tow,P1,N,2026-09-27
C187-Great America Towing LLC,921410,921410,8422990,2026-08-31,2026-09-01,N/A,Totally satisfied,Totally satisfied,Totally satisfied,Totally satisfied,Tow,P1,N,2026-09-27
C187-Great America Towing LLC,916115,916115,8425242,2026-08-31,2026-09-01,N/A,Totally satisfied,Totally satisfied,Totally satisfied,Totally satisfied,Light,P1,N,2026-09-27
C187-Great America Towing LLC,921410,921410,8425323,2026-08-31,2026-09-01,I have been a member for over 65 years. What more can I say?,Totally satisfied,Totally satisfied,Totally satisfied,Totally satisfied,Tow,P1,N,2026-09-27
C187-Great America Towing LLC,921555,921555,8425446,2026-08-31,2026-09-04,live maps need to be accurate,Satisfied,Totally satisfied,Satisfied,Satisfied,Light,P1,N,2026-09-27
C187-Great America Towing LLC,916115,916115,8427914,2026-08-31,2026-09-01,N/A,Totally satisfied,Totally satisfied,Satisfied,Totally satisfied,Light,P1,N,2026-09-27
C187-Great America Towing LLC,AAA,AAA,8428977,2026-08-31,2026-09-07,"Justin the tow driver was excellent, thorough and very knowledgeable.  He helped me a lot.",Totally satisfied,Totally satisfied,Totally satisfied,Totally satisfied,Tow,P1,N,2026-09-27
C187-Great America Towing LLC,903978,903978,8430545,2026-08-31,2026-09-01,N/A,Totally satisfied,Totally satisfied,Totally satisfied,Totally satisfied,Tow,P1,N,2026-09-27
C187-Great America Towing LLC,925035,925035,8431030,2026-08-31,2026-09-04,Wonderful time and great technician.  Cost for gold is a bit much however,Totally satisfied,N/A,N/A,N/A,Light,XX,Y,2026-09-27
C187-Great America Towing LLC,991340,Jesse Cavazos,8439328,2026-09-01,2026-09-02,N/A,Totally satisfied,Totally satisfied,Totally satisfied,Totally satisfied,Light,P1,N,2026-09-27
C187-Great America Towing LLC,912967,Mark  Duncan,8443865,2026-09-02,2026-09-05,"Since the tow companies are “contracted” it appears that you’re at the Mercy of their schedule without AAA having any weight on the matter. Waited 4-hrs stranded till the company came with a flat bed. Found out by conversing with the driver that if my wife was just across the street parked that a different “zone” would’ve had a different result, time wise in servicing the request. Why couldn’t that other “zoned” group be pinged to service the request to make it more convenient for me the AAA member?",Totally dissatisfied,Totally satisfied,Totally dissatisfied,Totally dissatisfied,Tow,P1,N,2026-09-27
C187-Great America Towing LLC,917424,917424,8444563,2026-09-02,2026-09-02,The wait time has room for improvement.  Overall the service was great once the driver identified,Totally satisfied,Totally satisfied,Satisfied,Satisfied,Tow,P2,N,2026-09-27
C187-Great America Towing LLC,925035,925035,8444991,2026-09-02,2026-09-05,N/A,Satisfied,Satisfied,Satisfied,Satisfied,Light,P1,N,2026-09-27
C187-Great America Towing LLC,916511,916511,8446079,2026-09-02,2026-09-03,Tow truck driver arrived within 10 minutes and was very careful to load the car onto the bed. Super polite and friendly.,Totally satisfied,Totally satisfied,Totally satisfied,Totally satisfied,Tow,P1,N,2026-09-27
C187-Great America Towing LLC,916115,916115,8453361,2026-09-02,2026-09-03,Satisfied with the prompt service,Totally satisfied,Totally satisfied,Totally satisfied,Totally satisfied,Light,P1,N,2026-09-27
C187-Great America Towing LLC,921555,921555,8460128,2026-09-03,2026-09-06,N/A,Totally satisfied,Totally satisfied,Totally satisfied,Totally satisfied,Light,B1,N,2026-09-27
C187-Great America Towing LLC,925198,925198,8461641,2026-09-03,2026-09-04,N/A,Totally satisfied,Totally satisfied,Satisfied,Totally satisfied,Tow,P1,N,2026-09-27
C187-Great America Towing LLC,916115,916115,8463534,2026-09-03,2026-09-04,AAA service technicians both on the phone and who came to my car provided excellent service.,Totally satisfied,Totally satisfied,Totally satisfied,Totally satisfied,Light,P1,N,2026-09-27
C187-Great America Towing LLC,912967,Mark  Duncan,8466232,2026-09-04,2026-09-04,The driver was amazing,Totally satisfied,Totally satisfied,Totally satisfied,Totally satisfied,Tow,P1,N,2026-09-27
C187-Great America Towing LLC,916511,916511,8470602,2026-09-04,2026-09-05,very fast and excellent service,Totally satisfied,Totally satisfied,Totally satisfied,Totally satisfied,Tow,P1,N,2026-09-27
C187-Great America Towing LLC,921555,921555,8474432,2026-09-04,2026-09-05,N/A,Totally satisfied,Totally satisfied,Satisfied,Totally satisfied,Light,P1,N,2026-09-27
C187-Great America Towing LLC,918922,918922,8474758,2026-09-04,2026-09-08,N/A,Totally satisfied,Totally satisfied,Totally satisfied,Totally satisfied,Tow,P1,N,2026-09-27
C187-Great America Towing LLC,911001,Steven Smolt,8476430,2026-09-05,2026-09-05,All fine,Totally satisfied,Totally satisfied,Satisfied,Totally satisfied,Tow,P1,N,2026-09-27
C187-Great America Towing LLC,918922,918922,8480583,2026-09-05,2026-09-06,Service driver is very experienced and skilled to replace my spare tire.,Totally satisfied,Totally satisfied,Totally satisfied,Totally satisfied,Light,P1,N,2026-09-27
C187-Great America Towing LLC,918922,918922,8480903,2026-09-05,2026-09-09,N/A,Totally satisfied,Totally satisfied,Satisfied,Totally satisfied,Light,P1,N,2026-09-27
C187-Great America Towing LLC,901377,901377,8482547,2026-09-05,2026-09-07,"Batteries were a little pricey, but service was great",Totally satisfied,Totally satisfied,Totally satisfied,Totally satisfied,Light,B1,N,2026-09-27
C187-Great America Towing LLC,923580,923580,8485733,2026-09-06,2026-09-06,"We don’t need it very often, but when we do, AAA drivers and response times are always good. Last night we had an issue and the driver, Frank, went above and beyond to help us out. Most companies don’t have employees that care enough to go above and beyond! Thank you, Frank!!! And AAA!",Totally satisfied,Totally satisfied,Totally satisfied,Totally satisfied,Tow,P1,N,2026-09-27
C187-Great America Towing LLC,918208,918208,8485903,2026-09-06,2026-09-09,"Overall good experience. Fast response, driver was careful with my vehicle and was overall easy to work with",Totally satisfied,Totally satisfied,Totally satisfied,Totally satisfied,Tow,P1,N,2026-09-27
C187-Great America Towing LLC,912967,Mark  Duncan,8489743,2026-09-06,2026-09-07,N/A,Totally satisfied,Totally satisfied,Totally satisfied,Totally satisfied,Tow,P1,N,2026-09-27
C187-Great America Towing LLC,925035,925035,8492381,2026-09-06,2026-09-07,N/A,Totally satisfied,Totally satisfied,Totally satisfied,Totally satisfied,Light,P1,N,2026-09-27
C187-Great America Towing LLC,911001,Steven Smolt,8495886,2026-09-07,2026-09-11,I love being a member of AAA,Totally satisfied,Totally satisfied,Totally satisfied,Totally satisfied,Tow,P1,N,2026-09-27
C187-Great America Towing LLC,921555,921555,8497669,2026-09-07,2026-09-11,Very good response time N the driver very professional,Totally satisfied,Totally satisfied,Totally satisfied,Totally satisfied,Light,P1,N,2026-09-27
C187-Great America Towing LLC,916115,916115,8499781,2026-09-07,2026-09-08,"Service Representative was professional,  courteous and arrived very quickly. Was quite knowledgeable too.",Totally satisfied,Totally satisfied,Totally satisfied,Totally satisfied,Light,P1,N,2026-09-27
C187-Great America Towing LLC,904555,904555,8501365,2026-09-08,2026-09-11,N/A,Totally satisfied,Totally satisfied,Totally satisfied,Satisfied,Tow,P1,N,2026-09-27
C187-Great America Towing LLC,925035,925035,8502607,2026-09-08,2026-09-08,Quick and efficient,Totally satisfied,Totally satisfied,Totally satisfied,Totally satisfied,Light,P1,N,2026-09-27
C187-Great America Towing LLC,991340,Jesse Cavazos,8504737,2026-09-08,2026-09-09,N/A,Totally satisfied,Totally satisfied,Totally satisfied,Totally satisfied,Light,B1,N,2026-09-27
C187-Great America Towing LLC,925198,925198,8505167,2026-09-08,2026-09-12,N/A,Totally satisfied,Totally satisfied,Totally satisfied,Totally satisfied,Tow,P1,N,2026-09-27
C187-Great America Towing LLC,921555,921555,8507221,2026-09-08,2026-09-09,Response and arrival were so fast and the technician was kind and worked quickly as well :) very happy with this instance,Totally satisfied,Totally satisfied,Totally satisfied,Totally satisfied,Light,P1,N,2026-09-27
C187-Great America Towing LLC,921555,921555,8510410,2026-09-08,2026-09-10,N/A,Satisfied,Satisfied,Satisfied,Satisfied,Light,P1,N,2026-09-27
C187-Great America Towing LLC,925035,925035,8515654,2026-09-09,2026-09-09,N/A,Totally satisfied,Totally satisfied,Totally satisfied,Totally satisfied,Light,P1,N,2026-09-27
C187-Great America Towing LLC,916115,916115,8523063,2026-09-09,2026-09-11,N/A,Totally satisfied,Totally satisfied,Totally satisfied,Totally satisfied,Light,P1,N,2026-09-27
C187-Great America Towing LLC,925198,925198,8525124,2026-09-09,2026-09-10,Very prompt and reliable drivers and service very professional,Totally satisfied,Totally satisfied,Totally satisfied,Totally satisfied,Tow,P1,N,2026-09-27
C187-Great America Towing LLC,923580,923580,8525828,2026-09-10,2026-09-10,"Driver Frank from Great America towing was very helpful, He was very Polite and professional. He let my wife and 1 year old son Sit in the truck with the ac during a 100+ degree heat wave . Thanks again.",Totally satisfied,Totally satisfied,Totally satisfied,Totally satisfied,Tow,P2,N,2026-09-27
C187-Great America Towing LLC,916115,916115,8526726,2026-09-10,2026-09-10,N/A,Totally satisfied,Totally satisfied,Totally satisfied,Totally satisfied,Light,P1,N,2026-09-27
C187-Great America Towing LLC,921555,921555,8529838,2026-09-10,2026-09-14,They came quickly and changed my tire fast.,Totally satisfied,Totally satisfied,Totally satisfied,Totally satisfied,Light,P1,N,2026-09-27
C187-Great America Towing LLC,921555,921555,8531312,2026-09-10,2026-09-11,Felipe was nice & helpful!,Totally satisfied,Totally satisfied,Totally satisfied,Totally satisfied,Light,B1,N,2026-09-27
C187-Great America Towing LLC,991340,Jesse Cavazos,8532417,2026-09-10,2026-09-12,N/A,Satisfied,Satisfied,Neither satisfied nor dissatisfied,Neither satisfied nor dissatisfied,Light,P1,N,2026-09-27
C187-Great America Towing LLC,916511,916511,8535019,2026-09-10,2026-09-15,N/A,Totally satisfied,Totally satisfied,Totally satisfied,Totally satisfied,Tow,P1,N,2026-09-27
C187-Great America Towing LLC,916115,916115,8537582,2026-09-11,2026-09-14,The service was amazing fast and simple,Totally satisfied,Totally satisfied,Totally satisfied,Totally satisfied,Light,P1,N,2026-09-27
C187-Great America Towing LLC,925198,925198,8540506,2026-09-11,2026-09-12,The drivers were very professional and nice and very informative.,Totally satisfied,Totally satisfied,Totally satisfied,Totally satisfied,Tow,P1,N,2026-09-27
C187-Great America Towing LLC,991340,Jesse Cavazos,8543888,2026-09-11,2026-09-16,N/A,Totally satisfied,Totally satisfied,Satisfied,Neither satisfied nor dissatisfied,Light,P1,N,2026-09-27
C187-Great America Towing LLC,918922,918922,8544041,2026-09-11,2026-09-12,N/A,Totally satisfied,Totally satisfied,Totally satisfied,Totally satisfied,Light,P1,N,2026-09-27
C187-Great America Towing LLC,918208,918208,8549002,2026-09-12,2026-09-12,My only issue is that i had to wait for almost 2 hours to get a driver to come out to my request. Other than that everything was good. Driver was very helpful. The updates text were not helpful. I had to call to find out what was taking so long.,Satisfied,Totally satisfied,Dissatisfied,Dissatisfied,Tow,P1,N,2026-09-27
C187-Great America Towing LLC,911001,Steven Smolt,8551468,2026-09-12,2026-09-13,Overall it was excellent. But assigning driver was taking time. I had to call to get the status and for expediting it,Totally satisfied,Totally satisfied,Satisfied,Satisfied,Tow,P1,N,2026-09-27
C187-Great America Towing LLC,991340,Jesse Cavazos,8551635,2026-09-12,2026-09-13,Great job,Totally satisfied,Totally satisfied,Totally satisfied,Totally satisfied,Light,B1,N,2026-09-27
C187-Great America Towing LLC,918922,918922,8551748,2026-09-12,2026-09-14,Matthew is very professional,Satisfied,Totally satisfied,Neither satisfied nor dissatisfied,Satisfied,Tow,P1,N,2026-09-27
C187-Great America Towing LLC,991340,Jesse Cavazos,8552743,2026-09-12,2026-09-15,N/A,Totally satisfied,Totally satisfied,Satisfied,Totally satisfied,Light,P1,N,2026-09-27
C187-Great America Towing LLC,918922,918922,8553546,2026-09-12,2026-09-13,Mathew was very helpful and pleasant to talk to,Totally satisfied,Totally satisfied,Totally satisfied,Totally satisfied,Tow,P1,N,2026-09-27
C187-Great America Towing LLC,918922,918922,8557079,2026-09-13,2026-09-16,N/A,Totally dissatisfied,Dissatisfied,Neither satisfied nor dissatisfied,Satisfied,Light,P1,N,2026-09-27
C187-Great America Towing LLC,912967,Mark  Duncan,8558265,2026-09-13,2026-09-14,Mark is awesome at his job,Totally satisfied,Totally satisfied,Totally satisfied,Totally satisfied,Tow,P1,N,2026-09-27
C187-Great America Towing LLC,916115,916115,8562835,2026-09-13,2026-09-19,N/A,Totally satisfied,Totally satisfied,Totally satisfied,Totally satisfied,Light,P1,N,2026-09-27
C187-Great America Towing LLC,918922,918922,8564646,2026-09-14,2026-09-17,N/A,Totally satisfied,Totally satisfied,Totally satisfied,Totally satisfied,Light,P1,N,2026-09-27
C187-Great America Towing LLC,921555,921555,8570568,2026-09-14,2026-09-16,Thanks AAA for your response so quickly.,Totally satisfied,Totally satisfied,Totally satisfied,Totally satisfied,Light,P1,N,2026-09-27
C187-Great America Towing LLC,916032,916032,8574652,2026-09-14,2026-09-15,Antonio was very helpful and professional! He was also very quick and efficient with his time and took great care of our car. Wonderful service!,Totally satisfied,Totally satisfied,Totally satisfied,Totally satisfied,Tow,P1,N,2026-09-27
C187-Great America Towing LLC,925198,925198,8575340,2026-09-14,2026-09-18,N/A,Totally satisfied,Totally satisfied,Totally satisfied,Totally satisfied,Light,P1,N,2026-09-27
C187-Great America Towing LLC,925198,925198,8575394,2026-09-14,2026-09-18,the two gentlemen who came to tow my car were very kind and respectful.,Totally satisfied,Totally satisfied,Totally satisfied,Totally satisfied,Tow,P1,N,2026-09-27
C187-Great America Towing LLC,917424,917424,8576576,2026-09-14,2026-09-16,N/A,Totally dissatisfied,N/A,Totally dissatisfied,Totally dissatisfied,Tow,P1,N,2026-09-27
C187-Great America Towing LLC,916511,916511,8590714,2026-09-16,2026-09-20,Pro - Assistance,Totally satisfied,Totally satisfied,Satisfied,Totally satisfied,Tow,P1,N,2026-09-27
C187-Great America Towing LLC,921555,921555,8594290,2026-09-16,2026-09-22,N/A,Totally satisfied,Totally satisfied,Totally satisfied,Totally satisfied,Light,P1,N,2026-09-27
C187-Great America Towing LLC,916115,916115,8598551,2026-09-16,2026-09-18,Good,Totally satisfied,Totally satisfied,Totally satisfied,Totally satisfied,Light,N/A,N,2026-09-27
C187-Great America Towing LLC,917424,917424,8599261,2026-09-17,2026-09-17,N/A,Totally satisfied,Totally satisfied,Totally satisfied,Totally satisfied,Tow,P1,N,2026-09-27
C187-Great America Towing LLC,912967,Mark  Duncan,8599350,2026-09-17,2026-09-22,Super friendly and hard working man who towed my car! Worked very efficiently and dropped my vehicle off safely!,Totally satisfied,Totally satisfied,Totally satisfied,Totally satisfied,Tow,P1,N,2026-09-27
C187-Great America Towing LLC,916115,916115,8599568,2026-09-17,2026-09-17,Their response was fast. I expected to wait at least a half an hour and instead was shocked how quickly my issue was resolved. So thankful for the quick response,Totally satisfied,Totally satisfied,Totally satisfied,Totally satisfied,Light,P1,N,2026-09-27
C187-Great America Towing LLC,921410,921410,8601706,2026-09-17,2026-09-22,N/A,Totally satisfied,Totally satisfied,Totally satisfied,Totally satisfied,Tow,P1,N,2026-09-27
C187-Great America Towing LLC,991340,Jesse Cavazos,8602629,2026-09-17,2026-09-22,He help me to put air on my tire coz one of my nut cannot lose then I bring to the gas station to fix my tire,Satisfied,Satisfied,Satisfied,Satisfied,Light,P1,N,2026-09-27
C187-Great America Towing LLC,916032,916032,8603872,2026-09-17,2026-09-19,N/A,Totally satisfied,Totally satisfied,Totally satisfied,Totally satisfied,Tow,P1,N,2026-09-27
C187-Great America Towing LLC,916032,916032,8604781,2026-09-17,2026-09-19,Never again,Totally dissatisfied,Totally dissatisfied,Dissatisfied,Dissatisfied,Tow,P2,N,2026-09-27
C187-Great America Towing LLC,913642,913642,8608093,2026-09-17,2026-09-23,"The first driver was very prompt and as helpful as possible. My car, however, was parked in a parking lot that prevented the driver from being able to load my vehicle on the flatbed. He immediately took action and requested a different truck. I really appreciate his support and action. The follow up driver was extremely courteous and prompt as well. The arrival of the original truck and the alternate truck all took place in under an hour. The second driver was again extremely courteous and friendly. His professionalism and expertise had my car on his rig in a matter of minutes. He delivered my car to my requested shop promptly and safely. He was very friendly and kind all around. I am really happy with the service both drivers provided me on 9/17. Really appreciate how they made a stressful moment relaxing and under control. Good job to both of them!! They deserve a raise!",Totally satisfied,Totally satisfied,Totally satisfied,Totally satisfied,Tow,P1,N,2026-09-27
C187-Great America Towing LLC,912967,Mark  Duncan,8609115,2026-09-17,2026-09-22,Sorry to say for the first time in so many years felt so disappointed. I was distraught because Tesla just shut down the power was not coming on at all. The screen everything was dead and I was some 80 miles away from any help from friends or family hence I called AAA. The first driver came in checked the battery tried to jumpstart it did not work. Car needed to be towed away to nearest service center which was 4.5 miles away. The second driver came with a long tow truck he came and said because Tesla was not powering on he could not put the car on neutral so he cannot tow the car and he said he’s has requested for another tow driver to come in who was an hour away. I told him the service center will close by then and I will be stranded here he still left saying he has another call to attempt. He left. In between I called Tesla service as how can we help this driver to put the car on the truck if it’s not powering up. This driver did not cooperate and just left. I called AAA again and the same drive came back in 15 min and towed the car the same car that was not powering up. He had all the means and ways to do it in the first time he came in but he did not. I was alone and I had asked him so nicely if he wanted any drink or anything to help him figure things out and do what he came to do. Not sure what he had against me but felt harassed by his conduct. Hope he doesn’t act the same way with others. It took him just half an hour the second time he came around before wasting the first 2 hours in just harassing me not sure why. But thankful that he did tow it away in the second attempt.,Totally dissatisfied,Totally dissatisfied,Dissatisfied,Dissatisfied,Tow,P1,N,2026-09-27
C187-Great America Towing LLC,916115,916115,8612271,2026-09-18,2026-09-22,Fast service and nice guy,Totally satisfied,Totally satisfied,Totally satisfied,Totally satisfied,Light,P1,N,2026-09-27
C187-Great America Towing LLC,916032,916032,8616596,2026-09-18,2026-09-19,"I very happy to renew my membership again this year, and I believe it’s worth it!",Totally satisfied,Totally satisfied,Totally satisfied,Totally satisfied,Tow,P1,N,2026-09-27
C187-Great America Towing LLC,925198,925198,8618536,2026-09-18,2026-09-19,N/A,Totally satisfied,Totally satisfied,Totally satisfied,Totally satisfied,Tow,P1,N,2026-09-27
C187-Great America Towing LLC,925035,925035,8629870,2026-09-19,2026-09-21,N/A,Totally satisfied,Totally satisfied,Totally satisfied,Totally satisfied,Light,B1,N,2026-09-27
C187-Great America Towing LLC,916115,916115,8634824,2026-09-20,2026-09-22,N/A,Totally satisfied,Totally satisfied,Totally satisfied,Totally satisfied,Light,B1,N,2026-09-27
C187-Great America Towing LLC,916115,916115,8635485,2026-09-20,2026-09-24,N/A,Totally satisfied,Totally satisfied,Totally satisfied,Totally satisfied,Light,P1,N,2026-09-27
C187-Great America Towing LLC,912967,Mark  Duncan,8636471,2026-09-20,2026-09-24,Great service,Totally satisfied,Totally satisfied,Totally satisfied,Totally satisfied,Tow,P1,N,2026-09-27
C187-Great America Towing LLC,925198,925198,8641504,2026-09-21,2026-09-25,Good service but took lot of time to arrive,Satisfied,Totally satisfied,Neither satisfied nor dissatisfied,Totally satisfied,Tow,P1,N,2026-09-27
C187-Great America Towing LLC,921555,921555,8643241,2026-09-21,2026-09-25,It was a lot more expensive than I thought it would be,Satisfied,Totally satisfied,Satisfied,Satisfied,Light,B1,N,2026-09-27
C187-Great America Towing LLC,921555,921555,8654661,2026-09-22,2026-09-23,Expert Services,Totally satisfied,Satisfied,Totally satisfied,Totally satisfied,Light,P1,N,2026-09-27
C187-Great America Towing LLC,921555,921555,8657798,2026-09-22,2026-09-26,N/A,Totally satisfied,Totally satisfied,Totally satisfied,Totally satisfied,Light,P1,N,2026-09-27
C187-Great America Towing LLC,916115,916115,8659116,2026-09-22,2026-09-23,Appreciated the driver letting me know he was on his way. Making sure he can find me right away when he arrived on campus. And reassured me that it’ll be quick and easy,Totally satisfied,Totally satisfied,Satisfied,Totally satisfied,Light,P1,N,2026-09-27
C187-Great America Towing LLC,916115,916115,8659621,2026-09-22,2026-09-23,"I put my address into the form in the app. It asked me to verify my location, so I moved the map to show my exact location. The driver called me to ask my location. He stated he did not receive that information. What is the point of me taking my time to enter data that is not passed on to the driver? Please fix this.",Totally satisfied,Totally satisfied,Totally satisfied,Totally satisfied,Light,P1,N,2026-09-27
C187-Great America Towing LLC,921555,921555,8667459,2026-09-23,2026-09-27,Great,Satisfied,Satisfied,Satisfied,Satisfied,Light,P1,N,2026-09-27
C187-Great America Towing LLC,916032,916032,8669746,2026-09-23,2026-09-27,N/A,Totally satisfied,Totally satisfied,Totally satisfied,Totally satisfied,Tow,P1,N,2026-09-27
C187-Great America Towing LLC,916032,916032,8670409,2026-09-23,2026-09-24,Antonio (Tony) was very helpful and friendly. Got the job done fast!,Totally satisfied,Totally satisfied,Totally satisfied,Totally satisfied,Light,P1,N,2026-09-27
C187-Great America Towing LLC,916032,916032,8670890,2026-09-23,2026-09-27,"Fueron rápidos, responsables y muy amables, estoy realmente satisfecha, lo único que en su taller no pudieron solucionar el problema de mi vehículo, pero todo lo demás muy bien, muchas gracias.",Totally satisfied,Totally satisfied,Totally satisfied,Totally satisfied,Tow,P1,N,2026-09-27
C187-Great America Towing LLC,921555,921555,8677542,2026-09-24,2026-09-25,Absolutely useful in helpless or urgency  situation,Totally satisfied,Totally satisfied,Totally satisfied,Totally satisfied,Light,B1,N,2026-09-27
C187-Great America Towing LLC,921410,921410,8678686,2026-09-24,2026-09-25,Excellent tow service,Totally satisfied,Totally satisfied,Totally satisfied,Totally satisfied,Tow,P1,N,2026-09-27
C187-Great America Towing LLC,921410,921410,8685893,2026-09-25,2026-09-26,The driver was great.  Very friendly and very nice.  Quick. Process.  Thank u,Totally satisfied,Totally satisfied,Totally satisfied,Totally satisfied,Tow,P1,N,2026-09-27
C187-Great America Towing LLC,916032,916032,8686811,2026-09-25,2026-09-26,courteus driver,Totally satisfied,Totally satisfied,Totally satisfied,Totally satisfied,Tow,P1,N,2026-09-27
C187-Great America Towing LLC,912967,Mark  Duncan,8694765,2026-09-26,2026-09-26,N/A,Totally satisfied,Totally satisfied,Totally satisfied,Totally satisfied,Light,P1,N,2026-09-27
C187-Great America Towing LLC,916032,916032,8695306,2026-09-26,2026-09-27,"Response time was extremely quick, and the driver, Antonio, was very helpful and even waited for me to ensure my safety while I waited for my ride to pick me and my dogs up.",Totally satisfied,Totally satisfied,Totally satisfied,Totally satisfied,Tow,P1,N,2026-09-27
C187-Great America Towing LLC,912967,Mark Duncan,8693978,2026-09-26,2026-09-28,"Jazmin got me connected with a driver very quickly, gave me a time estimate and they had arrived even earlier on priority. Driver was great and good energy, lifted my spirit after being stranded. Thanks",Totally satisfied,Totally satisfied,Totally satisfied,Totally satisfied,Tow,P1,N,2026-09-29
C187-Great America Towing LLC,917424,917424,8702564,2026-09-27,2026-09-27,N/A,Totally satisfied,Totally satisfied,Totally satisfied,Totally satisfied,Tow,P1,N,2026-09-29
C187-Great America Towing LLC,991340,Jesse Cavazos,8612796,2026-09-18,2026-09-22,N/A,Totally satisfied,N/A,N/A,N/A,Light,P1,N,2026-09-30
C187-Great America Towing LLC,912967,Mark Duncan,8684578,2026-09-25,2026-09-29,N/A,Satisfied,Totally satisfied,Satisfied,Satisfied,Tow,P1,N,2026-09-30
C187-Great America Towing LLC,991340,Jesse Cavazos,8687236,2026-09-25,2026-09-29,2 hours of waiting for service is way too long for battery issue.,Satisfied,Totally satisfied,Dissatisfied,Neither satisfied nor dissatisfied,Light,B1,N,2026-09-30
C187-Great America Towing LLC,925035,925035,8694218,2026-09-26,2026-09-29,I had a dead battery and I did not have my membership card on me or know my number. I used the automated text services but it kept locating my location wrong so I had to call. The first time I called the agent told me that I did not have an account with them which was unsettling because I have been a member of AAA for over 25 years. The next time I called with my membership number that I had obtained the agent was helpful and sent me a driver.,Totally satisfied,Totally satisfied,Totally satisfied,Totally satisfied,Light,B6,N,2026-09-30
C187-Great America Towing LLC,921106,921106,8711902,2026-09-28,2026-09-30,Very good he was on time provided very well service I was very pleased thank you,Totally satisfied,Totally satisfied,Totally satisfied,Totally satisfied,Light,P1,N,2026-09-30
C187-Great America Towing LLC,916032,916032,8713566,2026-09-28,2026-09-29,N/A,Totally satisfied,Totally satisfied,Totally satisfied,Totally satisfied,Tow,P1,N,2026-09-30
C187-Great America Towing LLC,916115,916115,8715659,2026-09-28,2026-09-29,N/A,Totally satisfied,Totally satisfied,Totally satisfied,Totally satisfied,Light,B1,N,2026-09-30
C187-Great America Towing LLC,916115,916115,8731668,2026-09-29,2026-09-30,I waited almost 3 hours,Dissatisfied,Totally satisfied,Totally dissatisfied,Neither satisfied nor dissatisfied,Light,P1,N,2026-10-01
C187-Great America Towing LLC,925035,925035,8732134,2026-09-29,2026-09-30,Needed a new battery. Driver arrived in 10 minutes. Battery was replaced in about 15 minutes.,Totally satisfied,Totally satisfied,Totally satisfied,Totally satisfied,Light,B1,N,2026-10-01
C187-Great America Towing LLC,916115,916115,8733941,2026-09-30,2026-09-30,The service rep had great communication and professional friendly service. However he forgot to plug the battery sensor and some screws back in the correct spot. I had a warning light for the battery pop up after replacing the battery and had to figure it out myself. Other than that he was good.,Satisfied,Satisfied,Totally satisfied,Totally satisfied,Light,B6,N,2026-10-01
C187-Great America Towing LLC,912967,Mark Duncan,8734153,2026-09-30,2026-09-30,Wait little long,Satisfied,Totally satisfied,Satisfied,Totally satisfied,Tow,P1,N,2026-10-01
C187-Great America Towing LLC,917424,917424,8734829,2026-09-30,2026-09-30,N/A,Totally satisfied,Totally satisfied,Totally satisfied,Totally satisfied,Tow,P1,N,2026-10-01
C187-Great America Towing LLC,916115,916115,8650848,2026-09-22,2026-09-25,N/A,Totally satisfied,N/A,Satisfied,Totally satisfied,Light,B6,N,2026-10-03
C187-Great America Towing LLC,911001,Steven Smolt,8681118,2026-09-24,2026-09-25,I asked for 2people and truck was to t,Satisfied,Satisfied,Totally satisfied,Totally satisfied,Tow,P1,N,2026-10-03
C187-Great America Towing LLC,916032,916032,8715076,2026-09-28,2026-10-02,N/A,Totally satisfied,Totally satisfied,Totally satisfied,Totally satisfied,Light,P1,N,2026-10-03
C187-Great America Towing LLC,916115,916115,8716166,2026-09-28,2026-10-02,N/A,Totally satisfied,Totally satisfied,Totally satisfied,Totally satisfied,Light,P1,N,2026-10-03
C187-Great America Towing LLC,921555,921555,8719264,2026-09-28,2026-10-02,N/A,Totally satisfied,Totally satisfied,Totally satisfied,Totally satisfied,Light,P1,N,2026-10-03
C187-Great America Towing LLC,921410,921410,8739196,2026-09-30,2026-10-01,Excellent service,Totally satisfied,Totally satisfied,Totally satisfied,Totally satisfied,Tow,P1,N,2026-10-03
C187-Great America Towing LLC,991340,Jesse Cavazos,8740795,2026-09-30,2026-10-01,It was so good! I'm so glad that I have my membership.,Totally satisfied,Totally satisfied,Totally satisfied,Totally satisfied,Light,B1,N,2026-10-03
C187-Great America Towing LLC,916115,916115,8741216,2026-09-30,2026-10-02,The technician was warm and friendly and was able to fix my problem quicker than expected.,Totally satisfied,Totally satisfied,Totally satisfied,Totally satisfied,Light,B1,N,2026-10-03
C187-Great America Towing LLC,916115,916115,8744384,2026-10-01,2026-10-01,N/A,Totally satisfied,Totally satisfied,Totally satisfied,Totally satisfied,Light,P1,N,2026-10-03
C187-Great America Towing LLC,DLY,DLY,8753825,2026-10-01,2026-10-02,N/A,Totally dissatisfied,N/A,N/A,N/A,Tow,XX,Y,2026-10-03
C187-Great America Towing LLC,916032,916032,8733539,2026-09-30,2026-10-03,Driver came fairly quickly and was very nice,Totally satisfied,Totally satisfied,Satisfied,Satisfied,Tow,P1,N,2026-10-04
C187-Great America Towing LLC,916115,916115,8753502,2026-10-01,2026-10-03,"Great, fast service, thank you!",Totally satisfied,Totally satisfied,Totally satisfied,Totally satisfied,Light,P1,N,2026-10-04
C187-Great America Towing LLC,911001,Steven Smolt,8756215,2026-10-02,2026-10-03,My roadside assistance was 10/1/2026,Totally satisfied,Totally satisfied,Totally satisfied,Totally satisfied,Tow,P1,N,2026-10-04
C187-Great America Towing LLC,991340,Jesse Cavazos,8760641,2026-10-02,2026-10-03,Very satisfied,Totally satisfied,Totally satisfied,Totally satisfied,Totally satisfied,Light,B1,N,2026-10-04
C187-Great America Towing LLC,925311,925311,8765136,2026-10-03,2026-10-03,Very good service fast and nice guy,Satisfied,Satisfied,Satisfied,Satisfied,Light,P1,N,2026-10-04
